Compound_SMILES,Compound_InchiKeys,Compound_Name,UniProt_Id,Entrez_Gene_Symbol,DiscoveRx_Gene_Symbol,pKd_[M]
CS(=O)(=O)Nc1cccc(c1)-c1ccc2c(NC(=O)C3CC3)n[nH]c2c1,FUQAHBLEGDXXKS-UHFFFAOYSA-N,SB-742864,Q2M2I8,AAK1,AAK1,7
CC(C)OC(N(CC1)CCN1C2=NC3=C(C4=CN=C(C(F)(F)F)C=C4)C=NN3C=C2)=O,NDDGTHBFQLPYJL-UHFFFAOYSA-N,NK-92,Q2M2I8,AAK1,AAK1,5.853871964
O=S(NC1=CC(C2=CC=C(C(NC(C3CC3)=O)=NN4)C4=C2)=CC=C1)(N(CC)CC)=O,UCBIQZUJJSVQHL-UHFFFAOYSA-N,UNC-AA-1-0013,Q2M2I8,AAK1,AAK1,7.585026652
O=C(C1CC1)NC2=NNC3=C2C=CC(C4=CC=CC(NS(N(C)CC)(=O)=O)=C4)=C3,NKCMEGZSWOVKIL-UHFFFAOYSA-N,UNC-AA-1-0017,Q2M2I8,AAK1,AAK1,6.886056648
[nH]1c2c(c(c1)C(=O)NC)cc(cc2)Nc3nc(ccn3)-c4ncccc4,YNYMPWKHPFKBTO-UHFFFAOYSA-N,BI01078627,P00519,ABL1,ABL1-nonphosphorylated,5.229147988
NS(=O)(=O)c1cccc(c1)-c1cc2ccncc2cc1OCc1ccccc1,WFQYBHCSVMMJEF-UHFFFAOYSA-N,GSK980961A,P36896,ACVR1B,ACVR1B,5
ClC1=CC=C(F)C(C2=NC(N=CC=N3)=C3C(NC4=CC=NC=C4)=N2)=C1,BERLXWPRSBJFHO-UHFFFAOYSA-N,SD-208,P36896,ACVR1B,ACVR1B,7.769551079
COC(=O)Nc1nc2ccc(cc2[nH]1)S(=O)(=O)c1ccc(NC(=O)Nc2cc(ccc2F)C(F)(F)F)cc1,RJOBEDHRAOYOQX-UHFFFAOYSA-N,GW680908A,P25098,ADRBK1,GRK2,5
COc1ccc2ncnc(Nc3ccc(OCc4ccccc4)cc3)c2c1,RARTTYYZTRKYDS-UHFFFAOYSA-N,GI261520A,P31751,AKT2,AKT2,5
O=S(C2=CC=CC1=CN=CC=C12)(NCCNC/C=C/C3=CC=C(Br)C=C3)=O,ZKZXNDJNWUTGDK-NSCUHMNNSA-N,H89,P31751,AKT2,AKT2,5
CC(C)OC(N(CC1)CCN1C2=NC3=C(C4=CN=C(C(F)(F)F)C=C4)C=NN3C=C2)=O,NDDGTHBFQLPYJL-UHFFFAOYSA-N,NK-92,Q8NFD2,ANKK1,ANKK1,5
ClC1=CC(NC2=NC=CC(NCCCN3CCOCC3)=N2)=CC=C1,XEEXZIORUKKBII-UHFFFAOYSA-N,DI00625271,Q9UQB9,AURKC,AURKC,5
s1c(nc3c1-c2n(nc(c2C(C3)C)-c4cnc(cc4)NCC)-c5c(cccc5)C)NC(=O)OC,FQXPXUGHKSKDIL-UHFFFAOYSA-N,BI00857480,Q9NSY1,BMP2K,BIKE,5
CS(=O)(=O)Nc1cccc(c1)-c1ccc2c(NC(=O)C3CC3)n[nH]c2c1,FUQAHBLEGDXXKS-UHFFFAOYSA-N,SB-742864,Q9NSY1,BMP2K,BIKE,6.853871964
CC(C)OC(N(CC1)CCN1C2=NC3=C(C4=CN=C(C(F)(F)F)C=C4)C=NN3C=C2)=O,NDDGTHBFQLPYJL-UHFFFAOYSA-N,NK-92,Q9NSY1,BMP2K,BIKE,5.508638306
O=S(NC1=CC(C2=CC=C(C(NC(C3CC3)=O)=NN4)C4=C2)=CC=C1)(N(CC)CC)=O,UCBIQZUJJSVQHL-UHFFFAOYSA-N,UNC-AA-1-0013,Q9NSY1,BMP2K,BIKE,6.031517051
O=C(C1CC1)NC2=NNC3=C2C=CC(C4=CC=CC(NS(N(C)CC)(=O)=O)=C4)=C3,NKCMEGZSWOVKIL-UHFFFAOYSA-N,UNC-AA-1-0017,Q9NSY1,BMP2K,BIKE,6.356547324
O=C(C1CC1)NC2=NNC3=C2C=CC(C4=CC=CC(NS(CC(C)C)(=O)=O)=C4)=C3,SENOTLIGBLGKGP-UHFFFAOYSA-N,UNC-AA-1-0022,Q9NSY1,BMP2K,BIKE,6.086186148
NS(=O)(=O)c1cccc(c1)-c1cc2ccncc2cc1OCc1ccccc1,WFQYBHCSVMMJEF-UHFFFAOYSA-N,GSK980961A,P36894,BMPR1A,BMPR1A,5
Fc1c(c(ccc1NS(=O)(=O)CCC)F)-n2nnc(c2)-c3cncc(c3)OC,PBZQXUCHRRZRTF-UHFFFAOYSA-N,BI00865461,P15056,BRAF,BRAF,7.698970004
S(=O)(=O)(N1CCC(CC1)Oc3c(cc2ncnc(c2c3)N[C@H](C)c4ccccc4)OC)C,HNCQUOKLTSGCPT-MRXNPFEDSA-N,BI00010951,Q8IWQ3,BRSK2,BRSK2,5
NS(=O)(=O)c1ccc(Nc2cc(n[nH]2)-c2cccc(O)c2)cc1,PVLOKYREDKFWTF-UHFFFAOYSA-N,GW831090X,Q8IWQ3,BRSK2,BRSK2,5
COc1ccc(cc1)-c1nn2ncccc2c1-c1ccnc(Nc2cccc(c2)C(F)(F)F)n1,BWBYKJFTJZIURF-UHFFFAOYSA-N,GW827105X,O43683,BUB1,BUB1,6.744727495
CN1CCC(CNC(C=C2)=NN3C2=NC=C3C4=CC=CC(OC(F)(F)F)=C4)CC1,MHXGEROHKGDZGO-UHFFFAOYSA-N,SGI-1776,Q14012,CAMK1,CAMK1,5
s1c(nc3c1-c2n(nc(c2C(C3)C)-c4cnc(cc4)NCC)-c5c(cccc5)C)NC(=O)OC,FQXPXUGHKSKDIL-UHFFFAOYSA-N,BI00857480,Q16566,CAMK4,CAMK4,5
CN1CCC(NC(C2=CC(OC)=C(NC3=NC=C(N(C(C(F)(F)CN4C5CCCC5)=O)C)C4=N3)C=C2F)=O)CC1,GWRSATNRNFYMDI-UHFFFAOYSA-N,TAK960,Q96RR4,CAMKK2,CAMKK2,7.173925197
ClC1=CC=C(F)C(C2=NC(N=CC=N3)=C3C(NC4=CC=NC=C4)=N2)=C1,BERLXWPRSBJFHO-UHFFFAOYSA-N,SD-208,Q5VT25,CDC42BPA,MRCKA,6.721246399
ClC1=CC=C(F)C(C2=NC(N=CC=N3)=C3C(NC4=CC=NC=C4)=N2)=C1,BERLXWPRSBJFHO-UHFFFAOYSA-N,SD-208,Q9Y5S2,CDC42BPB,MRCKB,7.031517051
ClC1=CC=C(F)C(C2=NC(N=CC=N3)=C3C(NC4=CC=NC=C4)=N2)=C1,BERLXWPRSBJFHO-UHFFFAOYSA-N,SD-208,Q6DT37,CDC42BPG,DMPK2,7.585026652
O[C@H]([C@H](O)[C@@H](CO)O3)[C@@H]3N1C2=C(C(N)=NC=N2)C(I)=C1,WHSIXKUPQCKWBY-IOSLPCCCSA-N,5-iodotubercidin,Q14004,CDK13,CDC2L5,7.13076828
O=C(Nc1n[nH]c2nc(ccc12)-c1ccco1)C1CC1,FJINJXZTEKDFRA-UHFFFAOYSA-N,SB-743899,Q96Q40,CDK15,PFTAIRE2,5
Clc1ccc(CNc2nccc(n2)-c2cnn3ncccc23)cc1,NEWXQDRWGLAOAY-UHFFFAOYSA-N,GW781673X,Q9BWU1,CDK19,CDK11,6.744727495
CC(C)OC(N(CC1)CCN1C2=NC3=C(C4=CN=C(C(F)(F)F)C=C4)C=NN3C=C2)=O,NDDGTHBFQLPYJL-UHFFFAOYSA-N,NK-92,P24941,CDK2,CDK2,5
Clc1ccc(CNc2nccc(n2)-c2cnn3ncccc23)cc1,NEWXQDRWGLAOAY-UHFFFAOYSA-N,GW781673X,P50613,CDK7,CDK7,6.657577319
O[C@H]([C@H](O)[C@@H](CO)O3)[C@@H]3N1C2=C(C(N)=NC=N2)C(I)=C1,WHSIXKUPQCKWBY-IOSLPCCCSA-N,5-iodotubercidin,P50613,CDK7,CDK7,6.769551079
Clc1ccc(CNc2nccc(n2)-c2cnn3ncccc23)cc1,NEWXQDRWGLAOAY-UHFFFAOYSA-N,GW781673X,P49336,CDK8,CDK8,6.070581074
CC(C)c1ccc2\C(=N/Nc3ccc(cc3)S(N)(=O)=O)C(=O)Nc2c1,KBESLZOGXNTNCJ-UHFFFAOYSA-N,GW300653X,Q92772,CDKL2,CDKL2,6.468521083
O=C(Nc1n[nH]c2nc(ccc12)-c1ccco1)C1CC1,FJINJXZTEKDFRA-UHFFFAOYSA-N,SB-743899,Q92772,CDKL2,CDKL2,6.356547324
O=S(NC1=CC(C2=CC=C(C(NC(C3CC3)=O)=NN4)C4=C2)=CC=C1)(N(CC)CC)=O,UCBIQZUJJSVQHL-UHFFFAOYSA-N,UNC-AA-1-0013,Q92772,CDKL2,CDKL2,6.055517328
O=C(C1CC1)NC2=NNC3=C2C=CC(C4=CC=CC(NS(N(C)CC)(=O)=O)=C4)=C3,NKCMEGZSWOVKIL-UHFFFAOYSA-N,UNC-AA-1-0017,Q92772,CDKL2,CDKL2,5.795880017
O=C(C1CC1)NC2=NNC3=C2C=CC(C4=CC=CC(NS(CC(C)C)(=O)=O)=C4)=C3,SENOTLIGBLGKGP-UHFFFAOYSA-N,UNC-AA-1-0022,Q92772,CDKL2,CDKL2,6.677780705
O[C@H]([C@H](O)[C@@H](CO)O3)[C@@H]3N1C2=C(C(N)=NC=N2)C(I)=C1,WHSIXKUPQCKWBY-IOSLPCCCSA-N,5-iodotubercidin,O15111,CHUK,IKK-alpha,6.958607315
Clc1ccc(CNc2nccc(n2)-c2cnn3ncccc23)cc1,NEWXQDRWGLAOAY-UHFFFAOYSA-N,GW781673X,P49759,CLK1,CLK1,6.420216403
Clc1ccc(CNc2nccc(n2)-c2cnn3ncccc23)cc1,NEWXQDRWGLAOAY-UHFFFAOYSA-N,GW781673X,P49760,CLK2,CLK2,6.657577319
O[C@H]([C@H](O)[C@@H](CO)O3)[C@@H]3N1C2=C(C(N)=NC=N2)C(I)=C1,WHSIXKUPQCKWBY-IOSLPCCCSA-N,5-iodotubercidin,P49760,CLK2,CLK2,8.113509275
CN1CCC(NC(C2=CC(OC)=C(NC3=NC=C(N(C(C(F)(F)CN4C5CCCC5)=O)C)C4=N3)C=C2F)=O)CC1,GWRSATNRNFYMDI-UHFFFAOYSA-N,TAK960,P49760,CLK2,CLK2,6.292429824
Clc1ccc(CNc2nccc(n2)-c2cnn3ncccc23)cc1,NEWXQDRWGLAOAY-UHFFFAOYSA-N,GW781673X,Q9HAZ1,CLK4,CLK4,6
O=S(NC1=CC(C2=CC=C(C(NC(C3CC3)=O)=NN4)C4=C2)=CC=C1)(N(CC)CC)=O,UCBIQZUJJSVQHL-UHFFFAOYSA-N,UNC-AA-1-0013,Q9HAZ1,CLK4,CLK4,5
C[C@H]1COCCN1C2=NC(=NC3=C2C=CC(=N3)C4=CC(=CC=C4)C(=O)NC)N5CCOC[C@@H]5C,JUSFANSTBFGBAF-IRXDYDNUSA-N,AZD2014,P07333,CSF1R,CSF1R,5
CN1CCC(CC1)n1cnc(c1-c1ccnc(NCCO)n1)-c1ccc(F)cc1,XKOQKLFWCLUSAU-UHFFFAOYSA-N,SB-226879,P48729,CSNK1A1,CSNK1A1,7.958607315
CN1CCC(CC1)n1cnc(c1-c1ccnc(N)n1)-c1ccc(F)cc1,SVRAGOOKTLUHES-UHFFFAOYSA-N,SB-220455,P48729,CSNK1A1,CSNK1A1,8.397940009
O[C@H]([C@H](O)[C@@H](CO)O3)[C@@H]3N1C2=C(C(N)=NC=N2)C(I)=C1,WHSIXKUPQCKWBY-IOSLPCCCSA-N,5-iodotubercidin,P48729,CSNK1A1,CSNK1A1,7.26760624
Nc1nccc(n1)-c1c(nn2cc(ccc12)C(F)(F)F)-c1ccc(F)cc1,JQUJTXXKVLSAEV-UHFFFAOYSA-N,GW568326X,P48729,CSNK1A1,CSNK1A1,6.769551079
S(=O)(=O)(N1CCC(CC1)Oc3c(cc2ncnc(c2c3)N[C@H](C)c4ccccc4)OC)C,HNCQUOKLTSGCPT-MRXNPFEDSA-N,BI00010951,Q8N752,CSNK1A1L,CSNK1A1L,5
CN1CCC(CC1)n1cnc(c1-c1ccnc(N)n1)-c1ccc(F)cc1,SVRAGOOKTLUHES-UHFFFAOYSA-N,SB-220455,Q8N752,CSNK1A1L,CSNK1A1L,6.698970004
CN1CCC(CC1)n1cnc(c1-c1ccnc(N)n1)-c1ccc(F)cc1,SVRAGOOKTLUHES-UHFFFAOYSA-N,SB-220455,P48730,CSNK1D,CSNK1D,8.721246399
CC(C)OC(N(CC1)CCN1C2=NC3=C(C4=CN=C(C(F)(F)F)C=C4)C=NN3C=C2)=O,NDDGTHBFQLPYJL-UHFFFAOYSA-N,NK-92,P48730,CSNK1D,CSNK1D,5
Cc1ccc2c(c(nn2n1)-c1ccc(cc1)C(F)(F)F)-c1ccnc(Nc2ccc3OCCOc3c2)n1,JLEUOCWABWBHQW-UHFFFAOYSA-N,GW832467X,P48730,CSNK1D,CSNK1D,5
CN1CCC(CC1)n1cnc(c1-c1ccnc(NCCO)n1)-c1ccc(F)cc1,XKOQKLFWCLUSAU-UHFFFAOYSA-N,SB-226879,P49674,CSNK1E,CSNK1E,7.698970004
Clc1ccc(CNc2nccc(n2)-c2cnn3ncccc23)cc1,NEWXQDRWGLAOAY-UHFFFAOYSA-N,GW781673X,P49674,CSNK1E,CSNK1E,6.54515514
CN1CCC(CC1)n1cnc(c1-c1ccnc(N)n1)-c1ccc(F)cc1,SVRAGOOKTLUHES-UHFFFAOYSA-N,SB-220455,P49674,CSNK1E,CSNK1E,8.26760624
Nc1nccc(n1)-c1c(nn2cc(ccc12)C(F)(F)F)-c1ccc(F)cc1,JQUJTXXKVLSAEV-UHFFFAOYSA-N,GW568326X,P49674,CSNK1E,CSNK1E,6.494850022
Clc1c(cc(cc1)C#CC2(CCN(CC2)C)OC)-c3nc-4c(cn3)CCc5nc(sc5-4)NC(=O)C,SKJMTJUJMPIXBJ-UHFFFAOYSA-N,BI00047875,Q9HCP0,CSNK1G1,CSNK1G1,5
CN1CCC(NC(C2=CC(OC)=C(NC3=NC=C(N(C(C(F)(F)CN4C5CCCC5)=O)C)C4=N3)C=C2F)=O)CC1,GWRSATNRNFYMDI-UHFFFAOYSA-N,TAK960,P53355,DAPK1,DAPK1,6.853871964
CC(C)c1ccc2\C(=N/Nc3ccc(cc3)S(N)(=O)=O)C(=O)Nc2c1,KBESLZOGXNTNCJ-UHFFFAOYSA-N,GW300653X,Q9UIK4,DAPK2,DAPK2,5
O=C(C1CC1)NC2=NNC3=C2C=CC(C4=CC=CC(NS(N(C)CC)(=O)=O)=C4)=C3,NKCMEGZSWOVKIL-UHFFFAOYSA-N,UNC-AA-1-0017,Q9UIK4,DAPK2,DAPK2,5
CC(C)c1ccc2\C(=N/Nc3ccc(cc3)S(N)(=O)=O)C(=O)Nc2c1,KBESLZOGXNTNCJ-UHFFFAOYSA-N,GW300653X,O43293,DAPK3,DAPK3,5
CN1CCC(NC(C2=CC(OC)=C(NC3=NC=C(N(C(C(F)(F)CN4C5CCCC5)=O)C)C4=N3)C=C2F)=O)CC1,GWRSATNRNFYMDI-UHFFFAOYSA-N,TAK960,O43293,DAPK3,DAPK3,6.292429824
O=C(C1CC1)NC2=NNC3=C2C=CC(C4=CC=CC(NS(N(C)CC)(=O)=O)=C4)=C3,NKCMEGZSWOVKIL-UHFFFAOYSA-N,UNC-AA-1-0017,O43293,DAPK3,DAPK3,5
FC(F)(F)c1c(ccc(c1)NC(=O)c2cc(c(cc2)C)-c3noc(n3)-c4cnccc4)Cl,LQZIUMJCFXSPTG-UHFFFAOYSA-N,BI00831861,Q08345,DDR1,DDR1,6.013228266
COC(=O)Nc1nc2ccc(cc2[nH]1)S(=O)(=O)c1ccc(NC(=O)Nc2cc(ccc2F)C(F)(F)F)cc1,RJOBEDHRAOYOQX-UHFFFAOYSA-N,GW680908A,Q08345,DDR1,DDR1,8.346787486
COc1ccc(cc1)-c1nn2ncccc2c1-c1ccnc(Nc2cccc(c2)C(F)(F)F)n1,BWBYKJFTJZIURF-UHFFFAOYSA-N,GW827105X,Q08345,DDR1,DDR1,7.795880017
CNC(=O)c1cncc(\C=C\c2ccccc2Cl)c1,HVTWLTGGYKBXHX-VOTSOKGWSA-N,GW445017X,Q08345,DDR1,DDR1,6.30980392
O=C(C(N1C)=CC2=C1C(OC3=CC(C(N4CCN(C)CC4)=O)=NC=C3)=CC=C2)NC5=CC(C(C)(C)C)=CC(NS(=O)(C)=O)=C5OC,MAABOYWIPSQEMY-UHFFFAOYSA-N,BI00601359,Q08345,DDR1,DDR1,8.677780705
Cc1ccc2c(c(nn2n1)-c1ccc(cc1)C(F)(F)F)-c1ccnc(Nc2ccc3OCCOc3c2)n1,JLEUOCWABWBHQW-UHFFFAOYSA-N,GW832467X,Q08345,DDR1,DDR1,7.721246399
Nc1nccc(n1)-c1c(nn2cc(ccc12)C(F)(F)F)-c1ccc(F)cc1,JQUJTXXKVLSAEV-UHFFFAOYSA-N,GW568326X,Q08345,DDR1,DDR1,7.173925197
FC(F)(F)c1c(ccc(c1)NC(=O)c2cc(c(cc2)C)-c3noc(n3)-c4cnccc4)Cl,LQZIUMJCFXSPTG-UHFFFAOYSA-N,BI00831861,Q16832,DDR2,DDR2,5.619788758
O=C(C(N1C)=CC2=C1C(OC3=CC(C(N4CCN(C)CC4)=O)=NC=C3)=CC=C2)NC5=CC(C(C)(C)C)=CC(NS(=O)(C)=O)=C5OC,MAABOYWIPSQEMY-UHFFFAOYSA-N,BI00601359,Q16832,DDR2,DDR2,8.259637311
s1c(nc3c1-c2n(nc(c2C(C3)C)-c4cnc(cc4)NCC)-c5c(cccc5)C)NC(=O)OC,FQXPXUGHKSKDIL-UHFFFAOYSA-N,BI00857480,Q09013,DMPK,DMPK,5
O[C@H]([C@H](O)[C@@H](CO)O3)[C@@H]3N1C2=C(C(N)=NC=N2)C(I)=C1,WHSIXKUPQCKWBY-IOSLPCCCSA-N,5-iodotubercidin,Q13627,DYRK1A,DYRK1A,8.795880017
COc1cc2ncn(-c3cc(OCc4ccccc4C(F)(F)F)c(s3)C(=O)N(C)C)c2cc1OC,CKYDKNBLVBVPCS-UHFFFAOYSA-N,GSK1030062A,Q9Y463,DYRK1B,DYRK1B,5
Clc1ccc(CNc2nccc(n2)-c2cnn3ncccc23)cc1,NEWXQDRWGLAOAY-UHFFFAOYSA-N,GW781673X,Q9Y463,DYRK1B,DYRK1B,6.823908741
O[C@H]([C@H](O)[C@@H](CO)O3)[C@@H]3N1C2=C(C(N)=NC=N2)C(I)=C1,WHSIXKUPQCKWBY-IOSLPCCCSA-N,5-iodotubercidin,Q92630,DYRK2,DYRK2,9.207608311
ClC1=CC(NC2=NC=CC(NCCCN3CCOCC3)=N2)=CC=C1,XEEXZIORUKKBII-UHFFFAOYSA-N,DI00625271,Q92630,DYRK2,DYRK2,5
S(=O)(=O)(N1CCC(CC1)Oc3c(cc2ncnc(c2c3)N[C@H](C)c4ccccc4)OC)C,HNCQUOKLTSGCPT-MRXNPFEDSA-N,BI00010951,P00533,EGFR,EGFR,9.602059991
Clc1c(cc(cc1)C#CC2(CCN(CC2)C)OC)-c3nc-4c(cn3)CCc5nc(sc5-4)NC(=O)C,SKJMTJUJMPIXBJ-UHFFFAOYSA-N,BI00047875,P00533,EGFR,EGFR,5
Fc1cccc(COc2ccc(Nc3ncnc4sc(cc34)-c3cccs3)cc2Cl)c1,PBIJKZCHYCDPPC-UHFFFAOYSA-N,GW684626B,P00533,EGFR,EGFR,6.585026652
COc1ccc2ncnc(Nc3ccc(OCc4ccccc4)cc3)c2c1,RARTTYYZTRKYDS-UHFFFAOYSA-N,GI261520A,P00533,EGFR,EGFR,8.244125144
O=C(N(CC1=CC=CC=C1)CCCC)C2=CC=C(S(=O)(NC3=CC=CC=C3)=O)C=C2,VNCIWNGCMAKKEO-UHFFFAOYSA-N,TH257,P00533,EGFR,EGFR,5
Fc1cccc(COc2ccc(Nc3ncnc4sc(cc34)-c3cccs3)cc2Cl)c1,PBIJKZCHYCDPPC-UHFFFAOYSA-N,GW684626B,Q9BQI3,EIF2AK1,EIF2AK1,5
NS(=O)(=O)c1ccc(cc1)-c1ccc2c(NC(=O)C3CC3)n[nH]c2c1,ZZTJLVZEYMOZSD-UHFFFAOYSA-N,SB-738482,Q9P2K8,EIF2AK4,"GCN2(Kin.Dom.2,S808G)",5
Cc1cc(Cl)cc2C(=NNc3ccc(cc3)S(N)(=O)=O)C(=O)Nc12,YWGGNXADJYGMJY-UHFFFAOYSA-N,GW279320X,P29317,EPHA2,EPHA2,5
O=C(Nc1n[nH]c2nc(ccc12)-c1ccco1)C1CC1,FJINJXZTEKDFRA-UHFFFAOYSA-N,SB-743899,P29317,EPHA2,EPHA2,5
O=C(C1CC1)NC2=NNC3=C2C=CC(C4=CC=CC(NS(N(C)CC)(=O)=O)=C4)=C3,NKCMEGZSWOVKIL-UHFFFAOYSA-N,UNC-AA-1-0017,P29317,EPHA2,EPHA2,5
FC(F)(F)c1c(ccc(c1)NC(=O)c2cc(c(cc2)C)-c3noc(n3)-c4cnccc4)Cl,LQZIUMJCFXSPTG-UHFFFAOYSA-N,BI00831861,P54764,EPHA4,EPHA4,5
FC(F)(F)c1c(ccc(c1)NC(=O)c2cc(c(cc2)C)-c3noc(n3)-c4cnccc4)Cl,LQZIUMJCFXSPTG-UHFFFAOYSA-N,BI00831861,Q9UF33,EPHA6,EPHA6,5
COC(=O)Nc1nc2ccc(cc2[nH]1)S(=O)(=O)c1ccc(NC(=O)Nc2cc(ccc2F)C(F)(F)F)cc1,RJOBEDHRAOYOQX-UHFFFAOYSA-N,GW680908A,P29322,EPHA8,EPHA8,5.886056648
FC(F)(F)c1c(ccc(c1)NC(=O)c2cc(c(cc2)C)-c3noc(n3)-c4cnccc4)Cl,LQZIUMJCFXSPTG-UHFFFAOYSA-N,BI00831861,P54753,EPHB3,EPHB3,5
Fc1c(c(ccc1NS(=O)(=O)CCC)F)-n2nnc(c2)-c3cncc(c3)OC,PBZQXUCHRRZRTF-UHFFFAOYSA-N,BI00865461,O15197,EPHB6,EPHB6,6.602059991
Cc1cc(cc(C)c1\C=C\c1cncc(c1)-c1nn[nH]n1)-c1ccccn1,LBJHHPBGZCPQIO-VOTSOKGWSA-N,GW459057A,O15197,EPHB6,EPHB6,8.853871964
S(=O)(=O)(N1CCC(CC1)Oc3c(cc2ncnc(c2c3)N[C@H](C)c4ccccc4)OC)C,HNCQUOKLTSGCPT-MRXNPFEDSA-N,BI00010951,P04626,ERBB2,ERBB2,7.060480747
Fc1cccc(COc2ccc(Nc3ncnc4sc(cc34)-c3cccs3)cc2Cl)c1,PBIJKZCHYCDPPC-UHFFFAOYSA-N,GW684626B,P04626,ERBB2,ERBB2,5.552841969
COc1ccc2ncnc(Nc3ccc(OCc4ccccc4)cc3)c2c1,RARTTYYZTRKYDS-UHFFFAOYSA-N,GI261520A,P04626,ERBB2,ERBB2,7.721246399
COc1ccc2ncnc(Nc3ccc(OCc4ccccc4)cc3)c2c1,RARTTYYZTRKYDS-UHFFFAOYSA-N,GI261520A,Q15303,ERBB4,ERBB4,6.602059991
ClC1=CC(NC2=NC=CC(NCCCN3CCOCC3)=N2)=CC=C1,XEEXZIORUKKBII-UHFFFAOYSA-N,DI00625271,O75460,ERN1,ERN1,5
Cc1cc(Cl)cc2C(=NNc3ccc(cc3)S(N)(=O)=O)C(=O)Nc12,YWGGNXADJYGMJY-UHFFFAOYSA-N,GW279320X,P21802,FGFR2,FGFR2,5
O=C(Nc1n[nH]c2nc(ccc12)-c1ccco1)C1CC1,FJINJXZTEKDFRA-UHFFFAOYSA-N,SB-743899,P21802,FGFR2,FGFR2,5
O=C(C1CC1)NC2=NNC3=C2C=CC(C4=CC=CC(NS(N(C)CC)(=O)=O)=C4)=C3,NKCMEGZSWOVKIL-UHFFFAOYSA-N,UNC-AA-1-0017,P21802,FGFR2,FGFR2,5
s1c(nc3c1-c2n(nc(c2C(C3)C)-c4cnc(cc4)NCC)-c5c(cccc5)C)NC(=O)OC,FQXPXUGHKSKDIL-UHFFFAOYSA-N,BI00857480,P22455,FGFR4,FGFR4,5
O=S(NC1=CC(C2=CC=C(C(NC(C3CC3)=O)=NN4)C4=C2)=CC=C1)(N(CC)CC)=O,UCBIQZUJJSVQHL-UHFFFAOYSA-N,UNC-AA-1-0013,P22455,FGFR4,FGFR4,5
Clc1c(cc(cc1)C#CC2(CCN(CC2)C)OC)-c3nc-4c(cn3)CCc5nc(sc5-4)NC(=O)C,SKJMTJUJMPIXBJ-UHFFFAOYSA-N,BI00047875,P17948,FLT1,FLT1,5
Clc1c(cc(cc1)C#CC2(CCN(CC2)C)OC)-c3nc-4c(cn3)CCc5nc(sc5-4)NC(=O)C,SKJMTJUJMPIXBJ-UHFFFAOYSA-N,BI00047875,P36888,FLT3,FLT3(ITD),5
CC(C)c1ccc2\C(=N/Nc3ccc(cc3)S(N)(=O)=O)C(=O)Nc2c1,KBESLZOGXNTNCJ-UHFFFAOYSA-N,GW300653X,P36888,FLT3,FLT3,7.48148606
COc1c(cc(cc1-c1ccc(cc1)S(N)(=O)=O)-c1ccc(Cl)cc1)C(N)=O,PGMGCWOOCLJXIF-UHFFFAOYSA-N,GSK711701A,P36888,FLT3,FLT3,5
NC(=O)c1cc(cc(c1N)-c1ccncc1)-c1ccc(F)cc1,INRJBVLMKPWSHK-UHFFFAOYSA-N,GSK620503A,P36888,FLT3,FLT3,5.15490196
COc1ccc(cc1C(N)=O)-c1ccncc1,QEYUQXQAUUYZDC-UHFFFAOYSA-N,GSK605714A,P36888,FLT3,FLT3,5.045757491
N(c1ncc(o1)-c1ccccc1)c1ccccc1,HFICAVMUTYFODG-UHFFFAOYSA-N,GW549390X,P36888,FLT3,FLT3,8.040958608
COc1cc2ncn(-c3cc(OCc4ccccc4C(F)(F)F)c(s3)C(=O)N(C)C)c2cc1OC,CKYDKNBLVBVPCS-UHFFFAOYSA-N,GSK1030062A,P36888,FLT3,FLT3,5.823908741
N#Cc1cccc(Nc2ncc(o2)-c2ccccc2)c1,VZMXZHOJAGFSNF-UHFFFAOYSA-N,GW627834A,P36888,FLT3,FLT3,7.958607315
Cc1cc(cc(C)c1\C=C\c1cncc(c1)-c1nn[nH]n1)-c1ccccn1,LBJHHPBGZCPQIO-VOTSOKGWSA-N,GW459057A,P36888,FLT3,FLT3,5
N(c1ncc(o1)-c1ccccc1)c1ccc(Oc2ccccc2)cc1,MKASXHWBPFPYNF-UHFFFAOYSA-N,GW641155A,P36888,FLT3,FLT3,6.193820026
COc1ccc2ncnc(Nc3ccc(OCc4ccccc4)cc3)c2c1,RARTTYYZTRKYDS-UHFFFAOYSA-N,GI261520A,P42685,FRK,FRK,5
COc1ccc2ncnc(Nc3ccc(OCc4ccccc4)cc3)c2c1,RARTTYYZTRKYDS-UHFFFAOYSA-N,GI261520A,P06241,FYN,FYN,5
Clc1c(cc(cc1)C#CC2(CCN(CC2)C)OC)-c3nc-4c(cn3)CCc5nc(sc5-4)NC(=O)C,SKJMTJUJMPIXBJ-UHFFFAOYSA-N,BI00047875,O14976,GAK,GAK,5.161150909
COc1ccc(cc1)-c1nn2ncccc2c1-c1ccnc(Nc2cccc(c2)C(F)(F)F)n1,BWBYKJFTJZIURF-UHFFFAOYSA-N,GW827105X,O14976,GAK,GAK,7.180456064
CN1CCC(NC(C2=CC(OC)=C(NC3=NC=C(N(C(C(F)(F)CN4C5CCCC5)=O)C)C4=N3)C=C2F)=O)CC1,GWRSATNRNFYMDI-UHFFFAOYSA-N,TAK960,O14976,GAK,GAK,7.638272164
Nc1nccc(n1)-c1c(nn2cc(ccc12)C(F)(F)F)-c1ccc(F)cc1,JQUJTXXKVLSAEV-UHFFFAOYSA-N,GW568326X,O14976,GAK,GAK,7.356547324
O=C(C1CC1)NC2=NNC3=C2C=CC(C4=CC=CC(NS(N(C)CC)(=O)=O)=C4)=C3,NKCMEGZSWOVKIL-UHFFFAOYSA-N,UNC-AA-1-0017,P32298,GRK4,GRK4,5.795880017
O=C(NC=C1)C2=C1C(C(C(C)C)=NO3)=C3C4=C2C=C(C)C=C4,RHCWRLPKOJKBJP-UHFFFAOYSA-N,MO 286/LN 989,P32298,GRK4,GRK4,6.721246399
CN1CCC(CNC(C=C2)=NN3C2=NC=C3C4=CC=CC(OC(F)(F)F)=C4)CC1,MHXGEROHKGDZGO-UHFFFAOYSA-N,SGI-1776,Q8WTQ7,GRK7,GRK7,6.920818754
Cc1ccc2c(c(nn2n1)-c1ccc(cc1)C(F)(F)F)-c1ccnc(Nc2ccc3OCCOc3c2)n1,JLEUOCWABWBHQW-UHFFFAOYSA-N,GW832467X,Q8WTQ7,GRK7,GRK7,5
Fc1ccc(cc1)-c1c(nc2SCCn12)-c1ccncc1,GLHFDXWSDZWRNN-UHFFFAOYSA-N,SKF-86055,Q8TF76,GSG2,HASPIN,6.455931956
COc1ccc(cc1C(N)=O)-c1ccncc1,QEYUQXQAUUYZDC-UHFFFAOYSA-N,GSK605714A,Q8TF76,GSG2,HASPIN,6.537602002
O=S(C2=CC=CC1=CN=CC=C12)(NCCNC/C=C/C3=CC=C(Br)C=C3)=O,ZKZXNDJNWUTGDK-NSCUHMNNSA-N,H89,Q8TF76,GSG2,HASPIN,7.468521083
CN1CCC(CNC(C=C2)=NN3C2=NC=C3C4=CC=CC(OC(F)(F)F)=C4)CC1,MHXGEROHKGDZGO-UHFFFAOYSA-N,SGI-1776,Q8TF76,GSG2,HASPIN,8.119186408
O[C@H]([C@H](O)[C@@H](CO)O3)[C@@H]3N1C2=C(C(N)=NC=N2)C(I)=C1,WHSIXKUPQCKWBY-IOSLPCCCSA-N,5-iodotubercidin,Q8TF76,GSG2,HASPIN,10.22914799
O=C(OC)C1=CC=C(C2=C(C(N)=C(C(N)=O)S3)C3=NC(N4CCC(N)CC4)=C2)C=C1,LBVMBECAHIBYAO-UHFFFAOYSA-N,BI00604549,Q8TF76,GSG2,HASPIN,6.721246399
CC1=CN=C(N1)C2=CN=C(N=C2C3=C(C=C(C=C3)Cl)Cl)NCCNC4=NC=C(C=C4)C#N,AQGNHMOJWBZFQQ-UHFFFAOYSA-N,CHIR99021,P49840,GSK3A,GSK3A,7.568636236
CC1=CN=C(N1)C2=CN=C(N=C2C3=C(C=C(C=C3)Cl)Cl)NCCNC4=NC=C(C=C4)C#N,AQGNHMOJWBZFQQ-UHFFFAOYSA-N,CHIR99021,P49841,GSK3B,GSK3B,7.823908741
Fc1c(c(ccc1NS(=O)(=O)CCC)F)-n2nnc(c2)-c3cncc(c3)OC,PBZQXUCHRRZRTF-UHFFFAOYSA-N,BI00865461,P08631,HCK,HCK,5
Clc1ccc(CNc2nccc(n2)-c2cnn3ncccc23)cc1,NEWXQDRWGLAOAY-UHFFFAOYSA-N,GW781673X,Q86Z02,HIPK1,HIPK1,6.366531544
O[C@H]([C@H](O)[C@@H](CO)O3)[C@@H]3N1C2=C(C(N)=NC=N2)C(I)=C1,WHSIXKUPQCKWBY-IOSLPCCCSA-N,5-iodotubercidin,Q86Z02,HIPK1,HIPK1,7.167491087
O[C@H]([C@H](O)[C@@H](CO)O3)[C@@H]3N1C2=C(C(N)=NC=N2)C(I)=C1,WHSIXKUPQCKWBY-IOSLPCCCSA-N,5-iodotubercidin,Q9H2X6,HIPK2,HIPK2,7.13076828
Clc1ccc(CNc2nccc(n2)-c2cnn3ncccc23)cc1,NEWXQDRWGLAOAY-UHFFFAOYSA-N,GW781673X,Q9H422,HIPK3,HIPK3,6.30980392
O[C@H]([C@H](O)[C@@H](CO)O3)[C@@H]3N1C2=C(C(N)=NC=N2)C(I)=C1,WHSIXKUPQCKWBY-IOSLPCCCSA-N,5-iodotubercidin,Q9H422,HIPK3,HIPK3,7.301029996
Clc1c(cccc1)-n2nc(c4c2-c3sc(nc3CC4)NC(=O)NCc5[nH]ccn5)-c6cnccc6,JXKHIJZYDXHNSW-UHFFFAOYSA-N,BI00048423,Q9UPZ9,ICK,ICK,5
O=C(OC)C1=CC=C(C2=C(C(N)=C(C(N)=O)S3)C3=NC(N4CCC(N)CC4)=C2)C=C1,LBVMBECAHIBYAO-UHFFFAOYSA-N,BI00604549,O14920,IKBKB,IKK-beta,6.327902142
CN1CCC(NC(C2=CC(OC)=C(NC3=NC=C(N(C(C(F)(F)CN4C5CCCC5)=O)C)C4=N3)C=C2F)=O)CC1,GWRSATNRNFYMDI-UHFFFAOYSA-N,TAK960,P06213,INSR,INSR,6.823908741
CN1CCC(CC1)COC2=CN=C(N=C2)C3=CC(=CC=C3)CN4C(=O)C=CC(=N4)C5=CC=CC(=C5)C#N,AHYMHWXQRWRBKT-UHFFFAOYSA-N,EMD-1214063,P51617,IRAK1,IRAK1,6.886056648
O[C@H]([C@H](O)[C@@H](CO)O3)[C@@H]3N1C2=C(C(N)=NC=N2)C(I)=C1,WHSIXKUPQCKWBY-IOSLPCCCSA-N,5-iodotubercidin,Q9NWZ3,IRAK4,IRAK4,7.301029996
CN1CCC(CC1)COC2=CN=C(N=C2)C3=CC(=CC=C3)CN4C(=O)C=CC(=N4)C5=CC=CC(=C5)C#N,AHYMHWXQRWRBKT-UHFFFAOYSA-N,EMD-1214063,Q9NWZ3,IRAK4,IRAK4,6.698970004
COc1ccc(cc1)-c1coc2ncnc(N)c12,QGHMHWPBFHABJY-UHFFFAOYSA-N,GW642125X,P23458,JAK1,JAK1(JH2domain-pseudokinase),5
NS(=O)(=O)c1ccc(cc1)-c1ccc2c(NC(=O)C3CC3)n[nH]c2c1,ZZTJLVZEYMOZSD-UHFFFAOYSA-N,SB-738482,P23458,JAK1,JAK1(JH1domain-catalytic),5
FC(F)(F)c1c(ccc(c1)NC(=O)c2cc(c(cc2)C)-c3noc(n3)-c4cnccc4)Cl,LQZIUMJCFXSPTG-UHFFFAOYSA-N,BI00831861,P10721,KIT,KIT,6.187086643
N(c1ncc(o1)-c1ccccc1)c1ccccc1,HFICAVMUTYFODG-UHFFFAOYSA-N,GW549390X,P10721,KIT,KIT,7.301029996
COc1ccc(cc1)-c1coc2ncnc(N)c12,QGHMHWPBFHABJY-UHFFFAOYSA-N,GW642125X,P10721,KIT,KIT,7.522878745
COc1ccc(cc1)-c1nn2ncccc2c1-c1ccnc(Nc2cccc(c2)C(F)(F)F)n1,BWBYKJFTJZIURF-UHFFFAOYSA-N,GW827105X,P10721,KIT,KIT,6.769551079
NS(=O)(=O)c1ccc(Nc2cc(n[nH]2)-c2cccc(O)c2)cc1,PVLOKYREDKFWTF-UHFFFAOYSA-N,GW831090X,P10721,KIT,KIT,7.055517328
N#Cc1cccc(Nc2ncc(o2)-c2ccccc2)c1,VZMXZHOJAGFSNF-UHFFFAOYSA-N,GW627834A,P10721,KIT,KIT,6.958607315
CNC(=O)c1cncc(\C=C\c2ccccc2Cl)c1,HVTWLTGGYKBXHX-VOTSOKGWSA-N,GW445017X,P10721,KIT,KIT,6.050609993
N(c1ncc(o1)-c1ccccc1)c1ccc(Oc2ccccc2)cc1,MKASXHWBPFPYNF-UHFFFAOYSA-N,GW641155A,P10721,KIT,KIT,5.537602002
Cc1ccc2c(c(nn2n1)-c1ccc(cc1)C(F)(F)F)-c1ccnc(Nc2ccc3OCCOc3c2)n1,JLEUOCWABWBHQW-UHFFFAOYSA-N,GW832467X,P10721,KIT,KIT,6.187086643
CCS(=O)(=O)c1ccc(OC)c(Nc2ncc(o2)-c2ccccc2Cl)c1,QAAZSECJUMWUTP-UHFFFAOYSA-N,GW622055X,O95835,LATS1,LATS1,5
NC(=O)c1cc(cc(c1N)-c1ccncc1)-c1ccc(F)cc1,INRJBVLMKPWSHK-UHFFFAOYSA-N,GSK620503A,O95835,LATS1,LATS1,5.420216403
Cc1cc(Cl)cc2C(=NNc3ccc(cc3)S(N)(=O)=O)C(=O)Nc12,YWGGNXADJYGMJY-UHFFFAOYSA-N,GW279320X,O95835,LATS1,LATS1,5
N(c1ncc(o1)-c1ccccc1)c1ccccc1,HFICAVMUTYFODG-UHFFFAOYSA-N,GW549390X,O95835,LATS1,LATS1,5.585026652
Cc1ccc(cc1-c1ccc(cc1)C(=O)NCC1CC1)C(=O)NC1CCC1,RPNGVORGBYYVHT-UHFFFAOYSA-N,GW782912X,O95835,LATS1,LATS1,5
O=C(NCC1=CC=CC=C1)C2=CC=C(S(=O)(NCC3=CC=CC=C3)=O)C=C2,QDGVJMITKNOVTP-UHFFFAOYSA-N,TH263,O95835,LATS1,LATS1,5
O[C@H]([C@H](O)[C@@H](CO)O3)[C@@H]3N1C2=C(C(N)=NC=N2)C(I)=C1,WHSIXKUPQCKWBY-IOSLPCCCSA-N,5-iodotubercidin,Q9NRM7,LATS2,LATS2,6.677780705
COC(=O)Nc1nc2ccc(cc2[nH]1)S(=O)(=O)c1ccc(NC(=O)Nc2cc(ccc2F)C(F)(F)F)cc1,RJOBEDHRAOYOQX-UHFFFAOYSA-N,GW680908A,P06239,LCK,LCK,6.494850022
O=C(N(CC1=CC=CC=C1)CCCC)C2=CC=C(S(=O)(NC3=CC=CC=C3)=O)C=C2,VNCIWNGCMAKKEO-UHFFFAOYSA-N,TH257,P06239,LCK,LCK,5
O=C(C1=CC=C(C=C1)S(=O)(NC2=CC=CC=C2)=O)N(CC)CC3=CC=CC=C3,HSFGCMJKYHQRQQ-UHFFFAOYSA-N,TH251,P53667,LIMK1,LIMK1,7.107905397
O=C(N(CC1=CC=CC=C1)CCCC)C2=CC=C(S(=O)(NC3=CC=CC=C3)=O)C=C2,VNCIWNGCMAKKEO-UHFFFAOYSA-N,TH257,P53667,LIMK1,LIMK1,6.920818754
O=C(C1=CC=C(C=C1)S(=O)(NC2=CC=CC=C2)=O)N(CC)CC3=CC=CC=C3,HSFGCMJKYHQRQQ-UHFFFAOYSA-N,TH251,P53671,LIMK2,LIMK2,7.356547324
O=C(N(CC1=CC=CC=C1)CCCC)C2=CC=C(S(=O)(NC3=CC=CC=C3)=O)C=C2,VNCIWNGCMAKKEO-UHFFFAOYSA-N,TH257,P53671,LIMK2,LIMK2,7.193820026
O=C(C1=CC=C(C=C1)S(=O)(NC2=CC=CC(Cl)=C2)=O)N(CCC)CC3=CC=CC=C3,VMGWOAVOASXXIH-UHFFFAOYSA-N,TH300,P53671,LIMK2,LIMK2,6.853871964
O[C@H]([C@H](O)[C@@H](CO)O3)[C@@H]3N1C2=C(C(N)=NC=N2)C(I)=C1,WHSIXKUPQCKWBY-IOSLPCCCSA-N,5-iodotubercidin,Q5S007,LRRK2,LRRK2,6.698970004
Fc1ccc(cc1)-c1cc(ccn1)-c1c[nH]nc1-c1ccccn1,HZJPBOLTWHOKEL-UHFFFAOYSA-N,GW680975X,P29376,LTK,LTK,5
O=C(NCC1=CC=CC=C1)C2=CC=C(S(=O)(NCC3=CC=CC=C3)=O)C=C2,QDGVJMITKNOVTP-UHFFFAOYSA-N,TH263,P29376,LTK,LTK,5
COc1cc2ncn(-c3cc(OCc4ccccc4C(F)(F)F)c(s3)C(=O)N(C)C)c2cc1OC,CKYDKNBLVBVPCS-UHFFFAOYSA-N,GSK1030062A,P07948,LYN,LYN,5
O=C(C1=CC=C(C=C1)S(=O)(NC2=CC=CC=C2)=O)N(CC)CC3=CC=CC=C3,HSFGCMJKYHQRQQ-UHFFFAOYSA-N,TH251,P20794,MAK,MAK,5
Cc1cc(cc(C)c1\C=C\c1cncc(c1)-c1nn[nH]n1)-c1ccccn1,LBJHHPBGZCPQIO-VOTSOKGWSA-N,GW459057A,Q02750,MAP2K1,MEK1,6.283996656
O[C@H]([C@H](O)[C@@H](CO)O3)[C@@H]3N1C2=C(C(N)=NC=N2)C(I)=C1,WHSIXKUPQCKWBY-IOSLPCCCSA-N,5-iodotubercidin,Q02750,MAP2K1,MEK1,7.327902142
O[C@H]([C@H](O)[C@@H](CO)O3)[C@@H]3N1C2=C(C(N)=NC=N2)C(I)=C1,WHSIXKUPQCKWBY-IOSLPCCCSA-N,5-iodotubercidin,P36507,MAP2K2,MEK2,6.677780705
O[C@H]([C@H](O)[C@@H](CO)O3)[C@@H]3N1C2=C(C(N)=NC=N2)C(I)=C1,WHSIXKUPQCKWBY-IOSLPCCCSA-N,5-iodotubercidin,P46734,MAP2K3,MEK3,7.045757491
Fc1c(c(ccc1NS(=O)(=O)CCC)F)-n2nnc(c2)-c3cncc(c3)OC,PBZQXUCHRRZRTF-UHFFFAOYSA-N,BI00865461,Q13163,MAP2K5,MEK5,8.886056648
CNC(=O)c1cncc(\C=C\c2ccccc2Cl)c1,HVTWLTGGYKBXHX-VOTSOKGWSA-N,GW445017X,Q13163,MAP2K5,MEK5,6.327902142
Cc1cc(cc(C)c1\C=C\c1cncc(c1)-c1nn[nH]n1)-c1ccccn1,LBJHHPBGZCPQIO-VOTSOKGWSA-N,GW459057A,Q13163,MAP2K5,MEK5,7.26760624
COc1ccc2ncnc(Nc3ccc(OCc4ccccc4)cc3)c2c1,RARTTYYZTRKYDS-UHFFFAOYSA-N,GI261520A,Q13163,MAP2K5,MEK5,7.443697499
O[C@H]([C@H](O)[C@@H](CO)O3)[C@@H]3N1C2=C(C(N)=NC=N2)C(I)=C1,WHSIXKUPQCKWBY-IOSLPCCCSA-N,5-iodotubercidin,Q13163,MAP2K5,MEK5,7.173925197
FC(F)(F)c1c(ccc(c1)NC(=O)c2cc(c(cc2)C)-c3noc(n3)-c4cnccc4)Cl,LQZIUMJCFXSPTG-UHFFFAOYSA-N,BI00831861,P52564,MAP2K6,MEK6,5
s1c(nc3c1-c2n(nc(c2C(C3)C)-c4cnc(cc4)NCC)-c5c(cccc5)C)NC(=O)OC,FQXPXUGHKSKDIL-UHFFFAOYSA-N,BI00857480,Q6ZN16,MAP3K15,MAP3K15,5
Fc1ccc(cc1)-c1c(nc2SCCn12)-c1ccncc1,GLHFDXWSDZWRNN-UHFFFAOYSA-N,SKF-86055,Q56UN5,MAP3K19,YSK4,6.886056648
COc1ccc(cc1C(N)=O)-c1ccncc1,QEYUQXQAUUYZDC-UHFFFAOYSA-N,GSK605714A,Q56UN5,MAP3K19,YSK4,6.318758763
CCn1c(nc2ccc(F)cc12)-c1nonc1N,CFCWMGRWMVZFQN-UHFFFAOYSA-N,GW785404X,Q56UN5,MAP3K19,YSK4,6.638272164
O[C@H]([C@H](O)[C@@H](CO)O3)[C@@H]3N1C2=C(C(N)=NC=N2)C(I)=C1,WHSIXKUPQCKWBY-IOSLPCCCSA-N,5-iodotubercidin,Q56UN5,MAP3K19,YSK4,7.508638306
ClC1=CC=C(F)C(C2=NC(N=CC=N3)=C3C(NC4=CC=NC=C4)=N2)=C1,BERLXWPRSBJFHO-UHFFFAOYSA-N,SD-208,P53779,MAPK10,JNK3,6.795880017
O=C(C(N1C)=CC2=C1C(OC3=CC(C(N4CCN(C)CC4)=O)=NC=C3)=CC=C2)NC5=CC(C(C)(C)C)=CC(NS(=O)(C)=O)=C5OC,MAABOYWIPSQEMY-UHFFFAOYSA-N,BI00601359,Q15759,MAPK11,p38-beta,6.958607315
Fc1ccc(cc1)-c1ncn(CCCN2CCOCC2)c1-c1ccncc1,ANWALZPQHPAZFO-UHFFFAOYSA-N,SB-210313,Q16539,MAPK14,p38-alpha,6.721246399
Cc1ccc(cc1-c1ccc2[nH]ncc2c1)C(=O)NC1CC1,HZKJOEBOIMSMJP-UHFFFAOYSA-N,GW820759X,Q16539,MAPK14,p38-alpha,6.795880017
CN1CCC(CC1)n1cnc(c1-c1ccnc(NCCO)n1)-c1ccc(F)cc1,XKOQKLFWCLUSAU-UHFFFAOYSA-N,SB-226879,Q16539,MAPK14,p38-alpha,7.229147988
COc1ccc(cc1)-c1nn2ncccc2c1-c1ccnc(Nc2cccc(c2)C(F)(F)F)n1,BWBYKJFTJZIURF-UHFFFAOYSA-N,GW827105X,Q16539,MAPK14,p38-alpha,7.102372909
Cc1nnc(o1)-c1ccc(C)c(c1)-c1ccc(cc1)C(=O)NCc1ccc(Cl)cc1,PGONBMCLDBGMIY-UHFFFAOYSA-N,GW708893X,Q16539,MAPK14,p38-alpha,6.568636236
Cc1ccc(cc1-c1ccc(cc1)C(=O)NCC1CC1)C(=O)NC1CCC1,RPNGVORGBYYVHT-UHFFFAOYSA-N,GW782912X,Q16539,MAPK14,p38-alpha,6.823908741
CN1CCC(CC1)n1cnc(c1-c1ccnc(N)n1)-c1ccc(F)cc1,SVRAGOOKTLUHES-UHFFFAOYSA-N,SB-220455,Q16539,MAPK14,p38-alpha,8.060480747
O=S(C2=CC=CC1=CN=CC=C12)(NCCNC/C=C/C3=CC=C(Br)C=C3)=O,ZKZXNDJNWUTGDK-NSCUHMNNSA-N,H89,Q16539,MAPK14,p38-alpha,5
C[C@H]1COCCN1C2=NC(=NC3=C2C=CC(=N3)C4=CC(=CC=C4)C(=O)NC)N5CCOC[C@@H]5C,JUSFANSTBFGBAF-IRXDYDNUSA-N,AZD2014,Q16539,MAPK14,p38-alpha,5
O=C(C(N1C)=CC2=C1C(OC3=CC(C(N4CCN(C)CC4)=O)=NC=C3)=CC=C2)NC5=CC(C(C)(C)C)=CC(NS(=O)(C)=O)=C5OC,MAABOYWIPSQEMY-UHFFFAOYSA-N,BI00601359,Q16539,MAPK14,p38-alpha,8.259637311
Cc1ccc2c(c(nn2n1)-c1ccc(cc1)C(F)(F)F)-c1ccnc(Nc2ccc3OCCOc3c2)n1,JLEUOCWABWBHQW-UHFFFAOYSA-N,GW832467X,Q16539,MAPK14,p38-alpha,6.552841969
Nc1nccc(n1)-c1c(nn2cc(ccc12)C(F)(F)F)-c1ccc(F)cc1,JQUJTXXKVLSAEV-UHFFFAOYSA-N,GW568326X,Q16539,MAPK14,p38-alpha,8.251811973
CN1CCC(CC1)n1cnc(c1-c1ccnc(N)n1)-c1ccc(F)cc1,SVRAGOOKTLUHES-UHFFFAOYSA-N,SB-220455,P45984,MAPK9,JNK2,6.769551079
O=C(C(N1C)=CC2=C1C(OC3=CC(C(N4CCN(C)CC4)=O)=NC=C3)=CC=C2)NC5=CC(C(C)(C)C)=CC(NS(=O)(C)=O)=C5OC,MAABOYWIPSQEMY-UHFFFAOYSA-N,BI00601359,P45984,MAPK9,JNK2,7.568636236
S(=O)(=O)(N1CCC(CC1)Oc3c(cc2ncnc(c2c3)N[C@H](C)c4ccccc4)OC)C,HNCQUOKLTSGCPT-MRXNPFEDSA-N,BI00010951,Q9P0L2,MARK1,MARK1,5
NS(=O)(=O)c1ccc(Nc2cc(n[nH]2)-c2cccc(O)c2)cc1,PVLOKYREDKFWTF-UHFFFAOYSA-N,GW831090X,Q9P0L2,MARK1,MARK1,5
S(=O)(=O)(N1CCC(CC1)Oc3c(cc2ncnc(c2c3)N[C@H](C)c4ccccc4)OC)C,HNCQUOKLTSGCPT-MRXNPFEDSA-N,BI00010951,Q96L34,MARK4,MARK4,5
ClC1=CC(NC2=NC=CC(NCCCN3CCOCC3)=N2)=CC=C1,XEEXZIORUKKBII-UHFFFAOYSA-N,DI00625271,P42679,MATK,CTK,5
COc1ccc(cc1C(N)=O)-c1ccncc1,QEYUQXQAUUYZDC-UHFFFAOYSA-N,GSK605714A,Q14680,MELK,MELK,5
COC(=O)Nc1nc2ccc(cc2[nH]1)S(=O)(=O)c1ccc(NC(=O)Nc2cc(ccc2F)C(F)(F)F)cc1,RJOBEDHRAOYOQX-UHFFFAOYSA-N,GW680908A,Q14680,MELK,MELK,5
CS(=O)(=O)Nc1cccc(c1)-c1ccc2c(NC(=O)C3CC3)n[nH]c2c1,FUQAHBLEGDXXKS-UHFFFAOYSA-N,SB-742864,Q14680,MELK,MELK,5
CNC(=O)c1cncc(\C=C\c2ccccc2Cl)c1,HVTWLTGGYKBXHX-VOTSOKGWSA-N,GW445017X,Q14680,MELK,MELK,5
S(=O)(=O)(N1CCC(CC1)Oc3c(cc2ncnc(c2c3)N[C@H](C)c4ccccc4)OC)C,HNCQUOKLTSGCPT-MRXNPFEDSA-N,BI00010951,Q12866,MERTK,MERTK,5
Fc1ccc(cc1)-c1ncn(CCCN2CCOCC2)c1-c1ccncc1,ANWALZPQHPAZFO-UHFFFAOYSA-N,SB-210313,Q8N4C8,MINK1,MINK,5
NS(=O)(=O)c1cccc(c1)-c1cc2ccncc2cc1OCc1ccccc1,WFQYBHCSVMMJEF-UHFFFAOYSA-N,GSK980961A,Q9HBH9,MKNK2,MKNK2,6.244125144
O=C(C1=CC=C(C=C1)S(=O)(NC2=CC=CC=C2)=O)N(CC)CC3=CC=CC=C3,HSFGCMJKYHQRQQ-UHFFFAOYSA-N,TH251,Q04912,MST1R,MST1R,5
Clc1c(cccc1)-n2nc(c4c2-c3sc(nc3CC4)NC(=O)NCc5[nH]ccn5)-c6cnccc6,JXKHIJZYDXHNSW-UHFFFAOYSA-N,BI00048423,P42345,MTOR,MTOR,6.356547324
s1c(nc3c1-c2n(nc(c2C(C3)C)-c4cnc(cc4)NCC)-c5c(cccc5)C)NC(=O)OC,FQXPXUGHKSKDIL-UHFFFAOYSA-N,BI00857480,P42345,MTOR,MTOR,9.886056648
C[C@H]1COCCN1C2=NC(=NC3=C2C=CC(=N3)C4=CC(=CC=C4)C(=O)NC)N5CCOC[C@@H]5C,JUSFANSTBFGBAF-IRXDYDNUSA-N,AZD2014,P42345,MTOR,MTOR,9.494850022
CC(N1CCN(C2=NC=NC(CC)=C2C#CC3=CC=C(N)N=C3)CC1)=O,GKROGJIGFRYBLZ-UHFFFAOYSA-N,BI00862142,P42345,MTOR,MTOR,8.337242168
CN1CCC(NC(C2=CC(OC)=C(NC3=NC=C(N(C(C(F)(F)CN4C5CCCC5)=O)C)C4=N3)C=C2F)=O)CC1,GWRSATNRNFYMDI-UHFFFAOYSA-N,TAK960,Q15746,MYLK,MYLK,7.769551079
O=S(NC1=CC(C2=CC=C(C(NC(C3CC3)=O)=NN4)C4=C2)=CC=C1)(N(CC)CC)=O,UCBIQZUJJSVQHL-UHFFFAOYSA-N,UNC-AA-1-0013,Q9H1R3,MYLK2,MYLK2,6.017728767
O=C(C1CC1)NC2=NNC3=C2C=CC(C4=CC=CC(NS(N(C)CC)(=O)=O)=C4)=C3,NKCMEGZSWOVKIL-UHFFFAOYSA-N,UNC-AA-1-0017,Q9H1R3,MYLK2,MYLK2,6.13667714
O=C(C1CC1)NC2=NNC3=C2C=CC(C4=CC=CC(NS(CC(C)C)(=O)=O)=C4)=C3,SENOTLIGBLGKGP-UHFFFAOYSA-N,UNC-AA-1-0022,Q9H1R3,MYLK2,MYLK2,5.886056648
CC(C)OC(N(CC1)CCN1C2=NC3=C(C4=CN=C(C(F)(F)F)C=C4)C=NN3C=C2)=O,NDDGTHBFQLPYJL-UHFFFAOYSA-N,NK-92,Q86YV6,MYLK4,MYLK4,5.337242168
C[C@H]1COCCN1C2=NC(=NC3=C2C=CC(=N3)C4=CC(=CC=C4)C(=O)NC)N5CCOC[C@@H]5C,JUSFANSTBFGBAF-IRXDYDNUSA-N,AZD2014,Q86YV6,MYLK4,MYLK4,5
Clc1c(cccc1)-n2nc(c4c2-c3sc(nc3CC4)NC(=O)NCc5[nH]ccn5)-c6cnccc6,JXKHIJZYDXHNSW-UHFFFAOYSA-N,BI00048423,Q8NEV4,MYO3A,MYO3A,5
FC(F)(F)c1c(ccc(c1)NC(=O)c2cc(c(cc2)C)-c3noc(n3)-c4cnccc4)Cl,LQZIUMJCFXSPTG-UHFFFAOYSA-N,BI00831861,Q96PY6,NEK1,NEK1,5
Clc1c(cc(cc1)C#CC2(CCN(CC2)C)OC)-c3nc-4c(cn3)CCc5nc(sc5-4)NC(=O)C,SKJMTJUJMPIXBJ-UHFFFAOYSA-N,BI00047875,P51955,NEK2,NEK2,5.397940009
Clc1c(cc(cc1)C#CC2(CCN(CC2)C)OC)-c3nc-4c(cn3)CCc5nc(sc5-4)NC(=O)C,SKJMTJUJMPIXBJ-UHFFFAOYSA-N,BI00047875,P51956,NEK3,NEK3,5.920818754
FC(F)(F)c1c(ccc(c1)NC(=O)c2cc(c(cc2)C)-c3noc(n3)-c4cnccc4)Cl,LQZIUMJCFXSPTG-UHFFFAOYSA-N,BI00831861,P51956,NEK3,NEK3,5
Clc1c(cc(cc1)C#CC2(CCN(CC2)C)OC)-c3nc-4c(cn3)CCc5nc(sc5-4)NC(=O)C,SKJMTJUJMPIXBJ-UHFFFAOYSA-N,BI00047875,Q6P3R8,NEK5,NEK5,6.37675071
CCn1c(nc2ccncc12)-c1nonc1N,XDQUYQKTDSDQRL-UHFFFAOYSA-N,SB-738561,Q6P3R8,NEK5,NEK5,5
O=C(Nc1n[nH]c2nc(ccc12)-c1ccco1)C1CC1,FJINJXZTEKDFRA-UHFFFAOYSA-N,SB-743899,Q8TDX7,NEK7,NEK7,5
O=C(Nc1n[nH]c2nc(ccc12)-c1ccco1)C1CC1,FJINJXZTEKDFRA-UHFFFAOYSA-N,SB-743899,Q8TD19,NEK9,NEK9,5
CN1CCC(CC1)n1cnc(c1-c1ccnc(NCCO)n1)-c1ccc(F)cc1,XKOQKLFWCLUSAU-UHFFFAOYSA-N,SB-226879,Q9UBE8,NLK,NLK,7.494850022
COc1ccc(cc1)-c1nn2ncccc2c1-c1ccnc(Nc2cccc(c2)C(F)(F)F)n1,BWBYKJFTJZIURF-UHFFFAOYSA-N,GW827105X,Q9UBE8,NLK,NLK,6.795880017
CN1CCC(CC1)n1cnc(c1-c1ccnc(N)n1)-c1ccc(F)cc1,SVRAGOOKTLUHES-UHFFFAOYSA-N,SB-220455,Q9UBE8,NLK,NLK,7.045757491
O[C@H]([C@H](O)[C@@H](CO)O3)[C@@H]3N1C2=C(C(N)=NC=N2)C(I)=C1,WHSIXKUPQCKWBY-IOSLPCCCSA-N,5-iodotubercidin,Q16620,NTRK2,TRKB,6.823908741
O=S(C2=CC=CC1=CN=CC=C12)(NCCNC/C=C/C3=CC=C(Br)C=C3)=O,ZKZXNDJNWUTGDK-NSCUHMNNSA-N,H89,Q9H093,NUAK2,SNARK,6.075720714
O[C@H]([C@H](O)[C@@H](CO)O3)[C@@H]3N1C2=C(C(N)=NC=N2)C(I)=C1,WHSIXKUPQCKWBY-IOSLPCCCSA-N,5-iodotubercidin,O95747,OXSR1,OSR1,6.958607315
Fc1ccc(cc1)-c1cc(ccn1)-c1c[nH]nc1-c1ccccn1,HZJPBOLTWHOKEL-UHFFFAOYSA-N,GW680975X,O75914,PAK3,PAK3,5
O=C(NCC1=CC=CC=C1)C2=CC=C(S(=O)(NCC3=CC=CC=C3)=O)C=C2,QDGVJMITKNOVTP-UHFFFAOYSA-N,TH263,O75914,PAK3,PAK3,5
s1c(nc3c1-c2n(nc(c2CC3)-c4cnccc4)-c5ccc(cc5)C6(CC6)N(C)C)NC(=O)OC,GGDDUQGGATVHON-UHFFFAOYSA-N,BI00822448,Q9NQU5,PAK6,PAK6,5
CC(C)c1ccc2\C(=N/Nc3ccc(cc3)S(N)(=O)=O)C(=O)Nc2c1,KBESLZOGXNTNCJ-UHFFFAOYSA-N,GW300653X,P16234,PDGFRA,PDGFRA,7.091514981
N(c1ncc(o1)-c1ccccc1)c1ccccc1,HFICAVMUTYFODG-UHFFFAOYSA-N,GW549390X,P16234,PDGFRA,PDGFRA,6.920818754
NS(=O)(=O)c1ccc(Nc2cc(n[nH]2)-c2cccc(O)c2)cc1,PVLOKYREDKFWTF-UHFFFAOYSA-N,GW831090X,P16234,PDGFRA,PDGFRA,7.214670165
N#Cc1cccc(Nc2ncc(o2)-c2ccccc2)c1,VZMXZHOJAGFSNF-UHFFFAOYSA-N,GW627834A,P16234,PDGFRA,PDGFRA,6.853871964
Clc1c(cccc1)-n2nc(c4c2-c3sc(nc3CC4)NC(=O)NCc5[nH]ccn5)-c6cnccc6,JXKHIJZYDXHNSW-UHFFFAOYSA-N,BI00048423,P09619,PDGFRB,PDGFRB,6.259637311
FC(F)(F)c1c(ccc(c1)NC(=O)c2cc(c(cc2)C)-c3noc(n3)-c4cnccc4)Cl,LQZIUMJCFXSPTG-UHFFFAOYSA-N,BI00831861,P09619,PDGFRB,PDGFRB,5.958607315
N(c1ncc(o1)-c1ccccc1)c1ccccc1,HFICAVMUTYFODG-UHFFFAOYSA-N,GW549390X,P09619,PDGFRB,PDGFRB,8.036212173
COc1ccc(cc1)-c1coc2ncnc(N)c12,QGHMHWPBFHABJY-UHFFFAOYSA-N,GW642125X,P09619,PDGFRB,PDGFRB,7.346787486
NS(=O)(=O)c1ccc(Nc2cc(n[nH]2)-c2cccc(O)c2)cc1,PVLOKYREDKFWTF-UHFFFAOYSA-N,GW831090X,P09619,PDGFRB,PDGFRB,6.886056648
N#Cc1cccc(Nc2ncc(o2)-c2ccccc2)c1,VZMXZHOJAGFSNF-UHFFFAOYSA-N,GW627834A,P09619,PDGFRB,PDGFRB,8.27572413
N(c1ncc(o1)-c1ccccc1)c1ccc(Oc2ccccc2)cc1,MKASXHWBPFPYNF-UHFFFAOYSA-N,GW641155A,P09619,PDGFRB,PDGFRB,6.958607315
CC(C)c1ccc2\C(=N/Nc3ccc(cc3)S(N)(=O)=O)C(=O)Nc2c1,KBESLZOGXNTNCJ-UHFFFAOYSA-N,GW300653X,P15735,PHKG2,PHKG2,5
O=C(C1CC1)NC2=NNC3=C2C=CC(C4=CC=CC(NS(N(C)CC)(=O)=O)=C4)=C3,NKCMEGZSWOVKIL-UHFFFAOYSA-N,UNC-AA-1-0017,P15735,PHKG2,PHKG2,5
Clc1c(cccc1)-n2nc(c4c2-c3sc(nc3CC4)NC(=O)NCc5[nH]ccn5)-c6cnccc6,JXKHIJZYDXHNSW-UHFFFAOYSA-N,BI00048423,Q9UBF8,PI4KB,PIK4CB,6.920818754
s1c(nc3c1-c2n(nc(c2CC3)-c4cnccc4)-c5ccc(cc5)C6(CC6)N(C)C)NC(=O)OC,GGDDUQGGATVHON-UHFFFAOYSA-N,BI00822448,Q9UBF8,PI4KB,PIK4CB,6.853871964
s1c(nc3c1-c2n(nc(c2C(C3)C)-c4cnc(cc4)NCC)-c5c(cccc5)C)NC(=O)OC,FQXPXUGHKSKDIL-UHFFFAOYSA-N,BI00857480,Q9UBF8,PI4KB,PIK4CB,6.638272164
CC(C)OC(N(CC1)CCN1C2=NC3=C(C4=CN=C(C(F)(F)F)C=C4)C=NN3C=C2)=O,NDDGTHBFQLPYJL-UHFFFAOYSA-N,NK-92,Q9UBF8,PI4KB,PIK4CB,5.30980392
Clc1c(cc(cc1)C#CC2(CCN(CC2)C)OC)-c3nc-4c(cn3)CCc5nc(sc5-4)NC(=O)C,SKJMTJUJMPIXBJ-UHFFFAOYSA-N,BI00047875,O00750,PIK3C2B,PIK3C2B,7.119186408
Clc1c(cccc1)-n2nc(c4c2-c3sc(nc3CC4)NC(=O)NCc5[nH]ccn5)-c6cnccc6,JXKHIJZYDXHNSW-UHFFFAOYSA-N,BI00048423,O00750,PIK3C2B,PIK3C2B,7.161150909
s1c(nc3c1-c2n(nc(c2CC3)-c4cnccc4)-c5ccc(cc5)C6(CC6)N(C)C)NC(=O)OC,GGDDUQGGATVHON-UHFFFAOYSA-N,BI00822448,O00750,PIK3C2B,PIK3C2B,7.920818754
NS(=O)(=O)c1cccc(c1)-c1cc2ccncc2cc1OCc1ccccc1,WFQYBHCSVMMJEF-UHFFFAOYSA-N,GSK980961A,O00750,PIK3C2B,PIK3C2B,5
Clc1c(cc(cc1)C#CC2(CCN(CC2)C)OC)-c3nc-4c(cn3)CCc5nc(sc5-4)NC(=O)C,SKJMTJUJMPIXBJ-UHFFFAOYSA-N,BI00047875,O75747,PIK3C2G,PIK3C2G,7.677780705
Clc1c(cccc1)-n2nc(c4c2-c3sc(nc3CC4)NC(=O)NCc5[nH]ccn5)-c6cnccc6,JXKHIJZYDXHNSW-UHFFFAOYSA-N,BI00048423,O75747,PIK3C2G,PIK3C2G,8.086186148
s1c(nc3c1-c2n(nc(c2CC3)-c4cnccc4)-c5ccc(cc5)C6(CC6)N(C)C)NC(=O)OC,GGDDUQGGATVHON-UHFFFAOYSA-N,BI00822448,O75747,PIK3C2G,PIK3C2G,9.102372909
s1c(nc3c1-c2n(nc(c2C(C3)C)-c4cnc(cc4)NCC)-c5c(cccc5)C)NC(=O)OC,FQXPXUGHKSKDIL-UHFFFAOYSA-N,BI00857480,O75747,PIK3C2G,PIK3C2G,7.468521083
CC(N1CCN(C2=NC=NC(CC)=C2C#CC3=CC=C(N)N=C3)CC1)=O,GKROGJIGFRYBLZ-UHFFFAOYSA-N,BI00862142,O75747,PIK3C2G,PIK3C2G,6.721246399
O=C(N(C)C)/C(C#N)=C/C(O1)=CC=C1C2=NC3=CN=C(NC=C4)C4=C3N2C5CCCCC5,GJMZWYLOARVASY-NTCAYCPXSA-N,FM-381,O75747,PIK3C2G,PIK3C2G,7.075720714
Clc1c(cccc1)-n2nc(c4c2-c3sc(nc3CC4)NC(=O)NCc5[nH]ccn5)-c6cnccc6,JXKHIJZYDXHNSW-UHFFFAOYSA-N,BI00048423,Q8NEB9,PIK3C3,VPS34,7.301029996
CC(N1CCN(C2=NC=NC(CC)=C2C#CC3=CC=C(N)N=C3)CC1)=O,GKROGJIGFRYBLZ-UHFFFAOYSA-N,BI00862142,Q8NEB9,PIK3C3,VPS34,7.045757491
Clc1c(cc(cc1)C#CC2(CCN(CC2)C)OC)-c3nc-4c(cn3)CCc5nc(sc5-4)NC(=O)C,SKJMTJUJMPIXBJ-UHFFFAOYSA-N,BI00047875,P42336,PIK3CA,PIK3CA,7.193820026
Clc1c(cccc1)-n2nc(c4c2-c3sc(nc3CC4)NC(=O)NCc5[nH]ccn5)-c6cnccc6,JXKHIJZYDXHNSW-UHFFFAOYSA-N,BI00048423,P42336,PIK3CA,PIK3CA,7.387216143
s1c(nc3c1-c2n(nc(c2CC3)-c4cnccc4)-c5ccc(cc5)C6(CC6)N(C)C)NC(=O)OC,GGDDUQGGATVHON-UHFFFAOYSA-N,BI00822448,P42336,PIK3CA,PIK3CA,8.920818754
s1c(nc3c1-c2n(nc(c2C(C3)C)-c4cnc(cc4)NCC)-c5c(cccc5)C)NC(=O)OC,FQXPXUGHKSKDIL-UHFFFAOYSA-N,BI00857480,P42336,PIK3CA,PIK3CA,7.886056648
NS(=O)(=O)c1cccc(c1)-c1cc2ccncc2cc1OCc1ccccc1,WFQYBHCSVMMJEF-UHFFFAOYSA-N,GSK980961A,P42336,PIK3CA,PIK3CA,5
C[C@H]1COCCN1C2=NC(=NC3=C2C=CC(=N3)C4=CC(=CC=C4)C(=O)NC)N5CCOC[C@@H]5C,JUSFANSTBFGBAF-IRXDYDNUSA-N,AZD2014,P42336,PIK3CA,PIK3CA,7.638272164
CC(N1CCN(C2=NC=NC(CC)=C2C#CC3=CC=C(N)N=C3)CC1)=O,GKROGJIGFRYBLZ-UHFFFAOYSA-N,BI00862142,P42336,PIK3CA,PIK3CA,7.721246399
Clc1c(cc(cc1)C#CC2(CCN(CC2)C)OC)-c3nc-4c(cn3)CCc5nc(sc5-4)NC(=O)C,SKJMTJUJMPIXBJ-UHFFFAOYSA-N,BI00047875,P42338,PIK3CB,PIK3CB,6.958607315
Clc1c(cccc1)-n2nc(c4c2-c3sc(nc3CC4)NC(=O)NCc5[nH]ccn5)-c6cnccc6,JXKHIJZYDXHNSW-UHFFFAOYSA-N,BI00048423,P42338,PIK3CB,PIK3CB,6.920818754
s1c(nc3c1-c2n(nc(c2CC3)-c4cnccc4)-c5ccc(cc5)C6(CC6)N(C)C)NC(=O)OC,GGDDUQGGATVHON-UHFFFAOYSA-N,BI00822448,P42338,PIK3CB,PIK3CB,8.008773924
CC(N1CCN(C2=NC=NC(CC)=C2C#CC3=CC=C(N)N=C3)CC1)=O,GKROGJIGFRYBLZ-UHFFFAOYSA-N,BI00862142,P42338,PIK3CB,PIK3CB,6.537602002
Clc1c(cc(cc1)C#CC2(CCN(CC2)C)OC)-c3nc-4c(cn3)CCc5nc(sc5-4)NC(=O)C,SKJMTJUJMPIXBJ-UHFFFAOYSA-N,BI00047875,O00329,PIK3CD,PIK3CD,7.494850022
s1c(nc3c1-c2n(nc(c2CC3)-c4cnccc4)-c5ccc(cc5)C6(CC6)N(C)C)NC(=O)OC,GGDDUQGGATVHON-UHFFFAOYSA-N,BI00822448,O00329,PIK3CD,PIK3CD,8.318758763
COc1ccc(cc1)-c1nn2ncccc2c1-c1ccnc(Nc2cccc(c2)C(F)(F)F)n1,BWBYKJFTJZIURF-UHFFFAOYSA-N,GW827105X,O00329,PIK3CD,PIK3CD,5
CNC(=O)c1cncc(\C=C\c2ccccc2Cl)c1,HVTWLTGGYKBXHX-VOTSOKGWSA-N,GW445017X,O00329,PIK3CD,PIK3CD,5
CC(N1CCN(C2=NC=NC(CC)=C2C#CC3=CC=C(N)N=C3)CC1)=O,GKROGJIGFRYBLZ-UHFFFAOYSA-N,BI00862142,O00329,PIK3CD,PIK3CD,7.619788758
Clc1c(cc(cc1)C#CC2(CCN(CC2)C)OC)-c3nc-4c(cn3)CCc5nc(sc5-4)NC(=O)C,SKJMTJUJMPIXBJ-UHFFFAOYSA-N,BI00047875,P48736,PIK3CG,PIK3CG,9.318758763
Clc1c(cccc1)-n2nc(c4c2-c3sc(nc3CC4)NC(=O)NCc5[nH]ccn5)-c6cnccc6,JXKHIJZYDXHNSW-UHFFFAOYSA-N,BI00048423,P48736,PIK3CG,PIK3CG,8.552841969
s1c(nc3c1-c2n(nc(c2CC3)-c4cnccc4)-c5ccc(cc5)C6(CC6)N(C)C)NC(=O)OC,GGDDUQGGATVHON-UHFFFAOYSA-N,BI00822448,P48736,PIK3CG,PIK3CG,9.346787486
s1c(nc3c1-c2n(nc(c2C(C3)C)-c4cnc(cc4)NCC)-c5c(cccc5)C)NC(=O)OC,FQXPXUGHKSKDIL-UHFFFAOYSA-N,BI00857480,P48736,PIK3CG,PIK3CG,9.107905397
NS(=O)(=O)c1cccc(c1)-c1cc2ccncc2cc1OCc1ccccc1,WFQYBHCSVMMJEF-UHFFFAOYSA-N,GSK980961A,P48736,PIK3CG,PIK3CG,5
CC(N1CCN(C2=NC=NC(CC)=C2C#CC3=CC=C(N)N=C3)CC1)=O,GKROGJIGFRYBLZ-UHFFFAOYSA-N,BI00862142,P48736,PIK3CG,PIK3CG,7.22184875
s1c(nc3c1-c2n(nc(c2CC3)-c4cnccc4)-c5ccc(cc5)C6(CC6)N(C)C)NC(=O)OC,GGDDUQGGATVHON-UHFFFAOYSA-N,BI00822448,Q9Y2I7,PIKFYVE,PIKFYVE,6.397940009
s1c(nc3c1-c2n(nc(c2C(C3)C)-c4cnc(cc4)NCC)-c5c(cccc5)C)NC(=O)OC,FQXPXUGHKSKDIL-UHFFFAOYSA-N,BI00857480,Q9Y2I7,PIKFYVE,PIKFYVE,6
s1c(nc3c1-c2n(nc(c2CC3)-c4cnccc4)-c5ccc(cc5)C6(CC6)N(C)C)NC(=O)OC,GGDDUQGGATVHON-UHFFFAOYSA-N,BI00822448,P11309,PIM1,PIM1,5
CN1CCC(CNC(C=C2)=NN3C2=NC=C3C4=CC=CC(OC(F)(F)F)=C4)CC1,MHXGEROHKGDZGO-UHFFFAOYSA-N,SGI-1776,Q9P1W9,PIM2,PIM2,6.173925197
CN1CCC(CNC(C=C2)=NN3C2=NC=C3C4=CC=CC(OC(F)(F)F)=C4)CC1,MHXGEROHKGDZGO-UHFFFAOYSA-N,SGI-1776,Q86V86,PIM3,PIM3,6.568636236
O=C(NC=C1)C2=C1C(C(C(C)C)=NO3)=C3C4=C2C=C(C)C=C4,RHCWRLPKOJKBJP-UHFFFAOYSA-N,MO 286/LN 989,P78356,PIP4K2B,PIP5K2B,6.958607315
Clc1c(cccc1)-n2nc(c4c2-c3sc(nc3CC4)NC(=O)NCc5[nH]ccn5)-c6cnccc6,JXKHIJZYDXHNSW-UHFFFAOYSA-N,BI00048423,Q8TBX8,PIP4K2C,PIP5K2C,8.301029996
s1c(nc3c1-c2n(nc(c2CC3)-c4cnccc4)-c5ccc(cc5)C6(CC6)N(C)C)NC(=O)OC,GGDDUQGGATVHON-UHFFFAOYSA-N,BI00822448,Q8TBX8,PIP4K2C,PIP5K2C,7.397940009
CN1CCC(CC1)n1cnc(c1-c1ccnc(NCCO)n1)-c1ccc(F)cc1,XKOQKLFWCLUSAU-UHFFFAOYSA-N,SB-226879,Q8TBX8,PIP4K2C,PIP5K2C,7
CN1CCC(CC1)n1cnc(c1-c1ccnc(N)n1)-c1ccc(F)cc1,SVRAGOOKTLUHES-UHFFFAOYSA-N,SB-220455,Q8TBX8,PIP4K2C,PIP5K2C,6.638272164
CN1CCC(NC(C2=CC(OC)=C(NC3=NC=C(N(C(C(F)(F)CN4C5CCCC5)=O)C)C4=N3)C=C2F)=O)CC1,GWRSATNRNFYMDI-UHFFFAOYSA-N,TAK960,Q8TBX8,PIP4K2C,PIP5K2C,6.744727495
CS(=O)(=O)Nc1cccc(c1)-c1ccc2c(NC(=O)C3CC3)n[nH]c2c1,FUQAHBLEGDXXKS-UHFFFAOYSA-N,SB-742864,Q99755,PIP5K1A,PIP5K1A,6.468521083
Clc1c(cccc1)-n2nc(c4c2-c3sc(nc3CC4)NC(=O)NCc5[nH]ccn5)-c6cnccc6,JXKHIJZYDXHNSW-UHFFFAOYSA-N,BI00048423,O60331,PIP5K1C,PIP5K1C,6
NS(=O)(=O)c1cccc(c1)-c1ccc2c(NC(=O)C3CC3)n[nH]c2c1,AXXSVTAXFAAJTE-UHFFFAOYSA-N,SB-741905,O60331,PIP5K1C,PIP5K1C,6.769551079
CS(=O)(=O)Nc1cccc(c1)-c1ccc2c(NC(=O)C3CC3)n[nH]c2c1,FUQAHBLEGDXXKS-UHFFFAOYSA-N,SB-742864,O60331,PIP5K1C,PIP5K1C,6.853871964
NS(=O)(=O)c1ccc(Nc2cc(n[nH]2)-c2cccc(O)c2)cc1,PVLOKYREDKFWTF-UHFFFAOYSA-N,GW831090X,O60331,PIP5K1C,PIP5K1C,5.853871964
N#Cc1cccc(Nc2ncc(o2)-c2ccccc2)c1,VZMXZHOJAGFSNF-UHFFFAOYSA-N,GW627834A,O60331,PIP5K1C,PIP5K1C,5
O=C(OC)C1=CC=C(C2=C(C(N)=C(C(N)=O)S3)C3=NC(N4CCC(N)CC4)=C2)C=C1,LBVMBECAHIBYAO-UHFFFAOYSA-N,BI00604549,O60331,PIP5K1C,PIP5K1C,5
O=S(NC1=CC(C2=CC=C(C(NC(C3CC3)=O)=NN4)C4=C2)=CC=C1)(N(CC)CC)=O,UCBIQZUJJSVQHL-UHFFFAOYSA-N,UNC-AA-1-0013,O60331,PIP5K1C,PIP5K1C,6.585026652
O=C(C1CC1)NC2=NNC3=C2C=CC(C4=CC=CC(NS(N(C)CC)(=O)=O)=C4)=C3,NKCMEGZSWOVKIL-UHFFFAOYSA-N,UNC-AA-1-0017,O60331,PIP5K1C,PIP5K1C,7.022276395
O=C(C1CC1)NC2=NNC3=C2C=CC(C4=CC=CC(NS(CC(C)C)(=O)=O)=C4)=C3,SENOTLIGBLGKGP-UHFFFAOYSA-N,UNC-AA-1-0022,O60331,PIP5K1C,PIP5K1C,5.886056648
O=S(C2=CC=CC1=CN=CC=C12)(NCCNC/C=C/C3=CC=C(Br)C=C3)=O,ZKZXNDJNWUTGDK-NSCUHMNNSA-N,H89,Q16512,PKN1,PKN1,6.677780705
Fc1ccc(cc1)-c1c(nc2SCCn12)-c1ccncc1,GLHFDXWSDZWRNN-UHFFFAOYSA-N,SKF-86055,P53350,PLK1,PLK1,7.468521083
NC(=O)c1sc(cc1OCc1ccccc1Br)-n1cnc2ccccc12,BWZJWBWWGBNPLH-UHFFFAOYSA-N,GSK1023156A,P53350,PLK1,PLK1,8.200659451
COc1cc2ncn(-c3cc(OCc4ccccc4C(F)(F)F)c(s3)C(C)=O)c2cc1OC,JFNQBWFEGWHHDQ-UHFFFAOYSA-N,GSK1030059A,P53350,PLK1,PLK1,6.657577319
CN1CCC(NC(C2=CC(OC)=C(NC3=NC=C(N(C(C(F)(F)CN4C5CCCC5)=O)C)C4=N3)C=C2F)=O)CC1,GWRSATNRNFYMDI-UHFFFAOYSA-N,TAK960,P53350,PLK1,PLK1,10.46852108
NC(=O)c1sc(cc1OCc1ccccc1Br)-n1cnc2ccccc12,BWZJWBWWGBNPLH-UHFFFAOYSA-N,GSK1023156A,Q9NYY3,PLK2,PLK2,7.823908741
COc1cc2ncn(-c3cc(OCc4ccccc4C(F)(F)F)c(s3)C(C)=O)c2cc1OC,JFNQBWFEGWHHDQ-UHFFFAOYSA-N,GSK1030059A,Q9NYY3,PLK2,PLK2,6.619788758
CN1CCC(NC(C2=CC(OC)=C(NC3=NC=C(N(C(C(F)(F)CN4C5CCCC5)=O)C)C4=N3)C=C2F)=O)CC1,GWRSATNRNFYMDI-UHFFFAOYSA-N,TAK960,Q9NYY3,PLK2,PLK2,8.823908741
NC(=O)c1sc(cc1OCc1ccccc1Br)-n1cnc2ccccc12,BWZJWBWWGBNPLH-UHFFFAOYSA-N,GSK1023156A,Q9H4B4,PLK3,PLK3,7.387216143
CN1CCC(NC(C2=CC(OC)=C(NC3=NC=C(N(C(C(F)(F)CN4C5CCCC5)=O)C)C4=N3)C=C2F)=O)CC1,GWRSATNRNFYMDI-UHFFFAOYSA-N,TAK960,Q9H4B4,PLK3,PLK3,9.37675071
Fc1c(c(ccc1NS(=O)(=O)CCC)F)-n2nnc(c2)-c3cncc(c3)OC,PBZQXUCHRRZRTF-UHFFFAOYSA-N,BI00865461,Q13131,PRKAA1,AMPK-alpha1,5
O=S(C2=CC=CC1=CN=CC=C12)(NCCNC/C=C/C3=CC=C(Br)C=C3)=O,ZKZXNDJNWUTGDK-NSCUHMNNSA-N,H89,P22694,PRKACB,PKAC-beta,7.167491087
O=S(C2=CC=CC1=CN=CC=C12)(NCCNC/C=C/C3=CC=C(Br)C=C3)=O,ZKZXNDJNWUTGDK-NSCUHMNNSA-N,H89,Q05655,PRKCD,PRKCD,6.48148606
O=S(C2=CC=CC1=CN=CC=C12)(NCCNC/C=C/C3=CC=C(Br)C=C3)=O,ZKZXNDJNWUTGDK-NSCUHMNNSA-N,H89,P24723,PRKCH,PRKCH,6.568636236
O=S(NC1=CC(C2=CC=C(C(NC(C3CC3)=O)=NN4)C4=C2)=CC=C1)(N(CC)CC)=O,UCBIQZUJJSVQHL-UHFFFAOYSA-N,UNC-AA-1-0013,P24723,PRKCH,PRKCH,5
O=S(C2=CC=CC1=CN=CC=C12)(NCCNC/C=C/C3=CC=C(Br)C=C3)=O,ZKZXNDJNWUTGDK-NSCUHMNNSA-N,H89,Q13976,PRKG1,PRKG1,7.508638306
O=S(C2=CC=CC1=CN=CC=C12)(NCCNC/C=C/C3=CC=C(Br)C=C3)=O,ZKZXNDJNWUTGDK-NSCUHMNNSA-N,H89,P51817,PRKX,PRKX,8.080921908
CC(C)OC(N(CC1)CCN1C2=NC3=C(C4=CN=C(C(F)(F)F)C=C4)C=NN3C=C2)=O,NDDGTHBFQLPYJL-UHFFFAOYSA-N,NK-92,Q13523,PRPF4B,PRP4,5
CN1CCC(NC(C2=CC(OC)=C(NC3=NC=C(N(C(C(F)(F)CN4C5CCCC5)=O)C)C4=N3)C=C2F)=O)CC1,GWRSATNRNFYMDI-UHFFFAOYSA-N,TAK960,Q05397,PTK2,FAK,6.853871964
S(=O)(=O)(N1CCC(CC1)Oc3c(cc2ncnc(c2c3)N[C@H](C)c4ccccc4)OC)C,HNCQUOKLTSGCPT-MRXNPFEDSA-N,BI00010951,Q14289,PTK2B,PYK2,5
Fc1c(c(ccc1NS(=O)(=O)CCC)F)-n2nnc(c2)-c3cncc(c3)OC,PBZQXUCHRRZRTF-UHFFFAOYSA-N,BI00865461,Q13882,PTK6,BRK,6.958607315
COc1ccc2ncnc(Nc3ccc(OCc4ccccc4)cc3)c2c1,RARTTYYZTRKYDS-UHFFFAOYSA-N,GI261520A,Q13882,PTK6,BRK,5
Fc1c(c(ccc1NS(=O)(=O)CCC)F)-n2nnc(c2)-c3cncc(c3)OC,PBZQXUCHRRZRTF-UHFFFAOYSA-N,BI00865461,P04049,RAF1,RAF1,7.744727495
C[C@H]1COCCN1C2=NC(=NC3=C2C=CC(=N3)C4=CC(=CC=C4)C(=O)NC)N5CCOC[C@@H]5C,JUSFANSTBFGBAF-IRXDYDNUSA-N,AZD2014,P04049,RAF1,RAF1,5
Clc1c(cc(cc1)C#CC2(CCN(CC2)C)OC)-c3nc-4c(cn3)CCc5nc(sc5-4)NC(=O)C,SKJMTJUJMPIXBJ-UHFFFAOYSA-N,BI00047875,Q9BRS2,RIOK1,RIOK1,5
CS(=O)(=O)Nc1cccc(c1)-c1ccc2c(NC(=O)C3CC3)n[nH]c2c1,FUQAHBLEGDXXKS-UHFFFAOYSA-N,SB-742864,Q9BRS2,RIOK1,RIOK1,6.920818754
CC(C)OC(N(CC1)CCN1C2=NC3=C(C4=CN=C(C(F)(F)F)C=C4)C=NN3C=C2)=O,NDDGTHBFQLPYJL-UHFFFAOYSA-N,NK-92,Q9BRS2,RIOK1,RIOK1,5.48148606
O=S(NC1=CC(C2=CC=C(C(NC(C3CC3)=O)=NN4)C4=C2)=CC=C1)(N(CC)CC)=O,UCBIQZUJJSVQHL-UHFFFAOYSA-N,UNC-AA-1-0013,Q9BRS2,RIOK1,RIOK1,7.142667504
O=C(C1CC1)NC2=NNC3=C2C=CC(C4=CC=CC(NS(N(C)CC)(=O)=O)=C4)=C3,NKCMEGZSWOVKIL-UHFFFAOYSA-N,UNC-AA-1-0017,Q9BRS2,RIOK1,RIOK1,6.795880017
O=C(NC=C1)C2=C1C(C(C(C)C)=NO3)=C3C4=C2C=C(C)C=C4,RHCWRLPKOJKBJP-UHFFFAOYSA-N,MO 286/LN 989,Q9BRS2,RIOK1,RIOK1,7.468521083
s1c(nc3c1-c2n(nc(c2C(C3)C)-c4cnc(cc4)NCC)-c5c(cccc5)C)NC(=O)OC,FQXPXUGHKSKDIL-UHFFFAOYSA-N,BI00857480,Q9BVS4,RIOK2,RIOK2,5
NC(=O)c1sc(cc1OCc1ccccc1Br)-n1cnc2ccccc12,BWZJWBWWGBNPLH-UHFFFAOYSA-N,GSK1023156A,Q9BVS4,RIOK2,RIOK2,6.585026652
Clc1ccc(CNc2nccc(n2)-c2cnn3ncccc23)cc1,NEWXQDRWGLAOAY-UHFFFAOYSA-N,GW781673X,Q9BVS4,RIOK2,RIOK2,7.462180905
CC(N1CCN(C2=NC=NC(CC)=C2C#CC3=CC=C(N)N=C3)CC1)=O,GKROGJIGFRYBLZ-UHFFFAOYSA-N,BI00862142,Q9BVS4,RIOK2,RIOK2,6.853871964
CS(=O)(=O)Nc1cccc(c1)-c1ccc2c(NC(=O)C3CC3)n[nH]c2c1,FUQAHBLEGDXXKS-UHFFFAOYSA-N,SB-742864,O14730,RIOK3,RIOK3,6.853871964
CC(C)OC(N(CC1)CCN1C2=NC3=C(C4=CN=C(C(F)(F)F)C=C4)C=NN3C=C2)=O,NDDGTHBFQLPYJL-UHFFFAOYSA-N,NK-92,O14730,RIOK3,RIOK3,5.494850022
ClC1=CC(NC2=NC=CC(NCCCN3CCOCC3)=N2)=CC=C1,XEEXZIORUKKBII-UHFFFAOYSA-N,DI00625271,O14730,RIOK3,RIOK3,5.920818754
O=S(NC1=CC(C2=CC=C(C(NC(C3CC3)=O)=NN4)C4=C2)=CC=C1)(N(CC)CC)=O,UCBIQZUJJSVQHL-UHFFFAOYSA-N,UNC-AA-1-0013,O14730,RIOK3,RIOK3,6.537602002
O=C(C1CC1)NC2=NNC3=C2C=CC(C4=CC=CC(NS(N(C)CC)(=O)=O)=C4)=C3,NKCMEGZSWOVKIL-UHFFFAOYSA-N,UNC-AA-1-0017,O14730,RIOK3,RIOK3,6.958607315
O=C(NC=C1)C2=C1C(C(C(C)C)=NO3)=C3C4=C2C=C(C)C=C4,RHCWRLPKOJKBJP-UHFFFAOYSA-N,MO 286/LN 989,O14730,RIOK3,RIOK3,7.387216143
s1c(nc3c1-c2n(nc(c2C(C3)C)-c4cnc(cc4)NCC)-c5c(cccc5)C)NC(=O)OC,FQXPXUGHKSKDIL-UHFFFAOYSA-N,BI00857480,O43353,RIPK2,RIPK2,5
O=S(NC1=CC(C2=CC=C(C(NC(C3CC3)=O)=NN4)C4=C2)=CC=C1)(N(CC)CC)=O,UCBIQZUJJSVQHL-UHFFFAOYSA-N,UNC-AA-1-0013,O43353,RIPK2,RIPK2,5
Clc1c(cccc1)-n2nc(c4c2-c3sc(nc3CC4)NC(=O)NCc5[nH]ccn5)-c6cnccc6,JXKHIJZYDXHNSW-UHFFFAOYSA-N,BI00048423,P57078,RIPK4,RIPK4,5.508638306
O=C(NCC1CC1)c1ccc(cc1)-c1cccc(c1)C(=O)NC1CC1,GTPHSWNKNONVOX-UHFFFAOYSA-N,GW806776X,Q13464,ROCK1,ROCK1,5.958607315
CN(C)CCCn1c(nc2cnccc12)-c1nonc1N,KFWBJWDHALYVMK-UHFFFAOYSA-N,SB-751399,Q13464,ROCK1,ROCK1,7.142667504
O=S(C2=CC=CC1=CN=CC=C12)(NCCNC/C=C/C3=CC=C(Br)C=C3)=O,ZKZXNDJNWUTGDK-NSCUHMNNSA-N,H89,Q13464,ROCK1,ROCK1,7.26760624
O=C(NCC1CC1)c1ccc(cc1)-c1cccc(c1)C(=O)NC1CC1,GTPHSWNKNONVOX-UHFFFAOYSA-N,GW806776X,O75116,ROCK2,ROCK2,5.795880017
CN(C)CCCn1c(nc2cnccc12)-c1nonc1N,KFWBJWDHALYVMK-UHFFFAOYSA-N,SB-751399,O75116,ROCK2,ROCK2,7.161150909
Clc1c(cc(cc1)C#CC2(CCN(CC2)C)OC)-c3nc-4c(cn3)CCc5nc(sc5-4)NC(=O)C,SKJMTJUJMPIXBJ-UHFFFAOYSA-N,BI00047875,Q15418,RPS6KA1,RSK1(Kin.Dom.1-N-terminal),5
C[C@H]1COCCN1C2=NC(=NC3=C2C=CC(=N3)C4=CC(=CC=C4)C(=O)NC)N5CCOC[C@@H]5C,JUSFANSTBFGBAF-IRXDYDNUSA-N,AZD2014,Q15418,RPS6KA1,RSK1(Kin.Dom.1-N-terminal),5
O=S(NC1=CC(C2=CC=C(C(NC(C3CC3)=O)=NN4)C4=C2)=CC=C1)(N(CC)CC)=O,UCBIQZUJJSVQHL-UHFFFAOYSA-N,UNC-AA-1-0013,O75582,RPS6KA5,RPS6KA5(Kin.Dom.1-N-terminal),5
s1c(nc3c1-c2n(nc(c2CC3)-c4cnccc4)-c5ccc(cc5)C6(CC6)N(C)C)NC(=O)OC,GGDDUQGGATVHON-UHFFFAOYSA-N,BI00822448,Q9UK32,RPS6KA6,RSK4(Kin.Dom.2-C-terminal),6.769551079
NC(=O)c1sc(cc1OCc1ccccc1Br)-n1cnc2ccccc12,BWZJWBWWGBNPLH-UHFFFAOYSA-N,GSK1023156A,Q9UK32,RPS6KA6,RSK4(Kin.Dom.2-C-terminal),6.443697499
CN1CCC(CC1)n1cnc(c1-c1ccnc(N)n1)-c1ccc(F)cc1,SVRAGOOKTLUHES-UHFFFAOYSA-N,SB-220455,Q9UK32,RPS6KA6,RSK4(Kin.Dom.2-C-terminal),6.283996656
Nc1nccc(n1)-c1c(nn2cc(ccc12)C(F)(F)F)-c1ccc(F)cc1,JQUJTXXKVLSAEV-UHFFFAOYSA-N,GW568326X,Q9UK32,RPS6KA6,RSK4(Kin.Dom.2-C-terminal),6.958607315
ClC1=CC=C(F)C(C2=NC(N=CC=N3)=C3C(NC4=CC=NC=C4)=N2)=C1,BERLXWPRSBJFHO-UHFFFAOYSA-N,SD-208,Q9UK32,RPS6KA6,RSK4(Kin.Dom.2-C-terminal),6.552841969
COc1cc2ncn(-c3cc(OCc4ccccc4C(F)(F)F)c(s3)C(=O)N(C)C)c2cc1OC,CKYDKNBLVBVPCS-UHFFFAOYSA-N,GSK1030062A,P0C264,SGK110,SgK110,5
CC(C)OC(N(CC1)CCN1C2=NC3=C(C4=CN=C(C(F)(F)F)C=C4)C=NN3C=C2)=O,NDDGTHBFQLPYJL-UHFFFAOYSA-N,NK-92,Q96BR1,SGK3,SGK3,5
O=S(C2=CC=CC1=CN=CC=C12)(NCCNC/C=C/C3=CC=C(Br)C=C3)=O,ZKZXNDJNWUTGDK-NSCUHMNNSA-N,H89,Q96BR1,SGK3,SGK3,6.229147988
O=C(N(CC1=CC=CC=C1)CCCC)C2=CC=C(S(=O)(NC3=CC=CC=C3)=O)C=C2,VNCIWNGCMAKKEO-UHFFFAOYSA-N,TH257,Q9H2G2,SLK,SLK,5
Fc1cccc(COc2ccc(Nc3ncnc4sc(cc34)-c3cccs3)cc2Cl)c1,PBIJKZCHYCDPPC-UHFFFAOYSA-N,GW684626B,Q9NRH2,SNRK,SNRK,5
Fc1c(c(ccc1NS(=O)(=O)CCC)F)-n2nnc(c2)-c3cncc(c3)OC,PBZQXUCHRRZRTF-UHFFFAOYSA-N,BI00865461,Q9H3Y6,SRMS,SRMS,7.27572413
CC(C)OC(N(CC1)CCN1C2=NC3=C(C4=CN=C(C(F)(F)F)C=C4)C=NN3C=C2)=O,NDDGTHBFQLPYJL-UHFFFAOYSA-N,NK-92,Q96SB4,SRPK1,SRPK1,5
CC(C)OC(N(CC1)CCN1C2=NC3=C(C4=CN=C(C(F)(F)F)C=C4)C=NN3C=C2)=O,NDDGTHBFQLPYJL-UHFFFAOYSA-N,NK-92,P78362,SRPK2,SRPK2,5
COc1ccc(cc1C(N)=O)-c1ccncc1,QEYUQXQAUUYZDC-UHFFFAOYSA-N,GSK605714A,Q9UPE1,SRPK3,SRPK3,5
COc1cc2ncn(-c3cc(OCc4ccccc4C(F)(F)F)c(s3)C(=O)N(C)C)c2cc1OC,CKYDKNBLVBVPCS-UHFFFAOYSA-N,GSK1030062A,Q9UPE1,SRPK3,SRPK3,5
O=S(NC1=CC(C2=CC=C(C(NC(C3CC3)=O)=NN4)C4=C2)=CC=C1)(N(CC)CC)=O,UCBIQZUJJSVQHL-UHFFFAOYSA-N,UNC-AA-1-0013,Q9UPE1,SRPK3,SRPK3,5.508638306
O=C(C1CC1)NC2=NNC3=C2C=CC(C4=CC=CC(NS(N(C)CC)(=O)=O)=C4)=C3,NKCMEGZSWOVKIL-UHFFFAOYSA-N,UNC-AA-1-0017,Q9UPE1,SRPK3,SRPK3,6
O=C(C1CC1)NC2=NNC3=C2C=CC(C4=CC=CC(NS(CC(C)C)(=O)=O)=C4)=C3,SENOTLIGBLGKGP-UHFFFAOYSA-N,UNC-AA-1-0022,Q9UPE1,SRPK3,SRPK3,5.387216143
Fc1c(c(ccc1NS(=O)(=O)CCC)F)-n2nnc(c2)-c3cncc(c3)OC,PBZQXUCHRRZRTF-UHFFFAOYSA-N,BI00865461,O94804,STK10,LOK,5
NC(=O)c1sc(cc1OCc1ccccc1Br)-n1cnc2ccccc12,BWZJWBWWGBNPLH-UHFFFAOYSA-N,GSK1023156A,O94804,STK10,LOK,6.431798276
COC(=O)Nc1nc2ccc(cc2[nH]1)S(=O)(=O)c1ccc(NC(=O)Nc2cc(ccc2F)C(F)(F)F)cc1,RJOBEDHRAOYOQX-UHFFFAOYSA-N,GW680908A,O94804,STK10,LOK,5.958607315
ClC1=CC=C(F)C(C2=NC(N=CC=N3)=C3C(NC4=CC=NC=C4)=N2)=C1,BERLXWPRSBJFHO-UHFFFAOYSA-N,SD-208,O94804,STK10,LOK,6.200659451
Clc1c(cccc1)-n2nc(c4c2-c3sc(nc3CC4)NC(=O)NCc5[nH]ccn5)-c6cnccc6,JXKHIJZYDXHNSW-UHFFFAOYSA-N,BI00048423,O75716,STK16,STK16,6.337242168
CNC(=O)c1cncc(\C=C\c2ccccc2Cl)c1,HVTWLTGGYKBXHX-VOTSOKGWSA-N,GW445017X,Q13188,STK3,MST2,5
N(c1ncc(o1)-c1ccccc1)c1ccc(Oc2ccccc2)cc1,MKASXHWBPFPYNF-UHFFFAOYSA-N,GW641155A,Q13188,STK3,MST2,5
Fc1cccc(COc2ccc(Nc3ncnc4sc(cc34)-c3cccs3)cc2Cl)c1,PBIJKZCHYCDPPC-UHFFFAOYSA-N,GW684626B,Q8WU08,STK32A,YANK1,5
COc1ccc2ncnc(Nc3ccc(OCc4ccccc4)cc3)c2c1,RARTTYYZTRKYDS-UHFFFAOYSA-N,GI261520A,Q86UX6,STK32C,YANK3,5
O=C(NCC1=CC=CC=C1)C2=CC=C(S(=O)(NCC3=CC=CC=C3)=O)C=C2,QDGVJMITKNOVTP-UHFFFAOYSA-N,TH263,Q86UX6,STK32C,YANK3,5
COC(=O)Nc1nc2ccc(cc2[nH]1)S(=O)(=O)c1ccc(NC(=O)Nc2cc(ccc2F)C(F)(F)F)cc1,RJOBEDHRAOYOQX-UHFFFAOYSA-N,GW680908A,Q9BYT3,STK33,STK33,5
CN1CCC(NC(C2=CC(OC)=C(NC3=NC=C(N(C(C(F)(F)CN4C5CCCC5)=O)C)C4=N3)C=C2F)=O)CC1,GWRSATNRNFYMDI-UHFFFAOYSA-N,TAK960,Q9BYT3,STK33,STK33,6.698970004
COc1ccc(cc1)-c1nn2ncccc2c1-c1ccnc(Nc2cccc(c2)C(F)(F)F)n1,BWBYKJFTJZIURF-UHFFFAOYSA-N,GW827105X,Q9NRP7,STK36,STK36,7.568636236
Fc1ccc(cc1)-c1ncn(CCCN2CCOCC2)c1-c1ccncc1,ANWALZPQHPAZFO-UHFFFAOYSA-N,SB-210313,Q15208,STK38,NDR1,5
O[C@H]([C@H](O)[C@@H](CO)O3)[C@@H]3N1C2=C(C(N)=NC=N2)C(I)=C1,WHSIXKUPQCKWBY-IOSLPCCCSA-N,5-iodotubercidin,Q15208,STK38,NDR1,6.552841969
O[C@H]([C@H](O)[C@@H](CO)O3)[C@@H]3N1C2=C(C(N)=NC=N2)C(I)=C1,WHSIXKUPQCKWBY-IOSLPCCCSA-N,5-iodotubercidin,Q9Y2H1,STK38L,NDR2,6.283996656
Fc1ccc(cc1)-c1cc(ccn1)-c1c[nH]nc1-c1ccccn1,HZJPBOLTWHOKEL-UHFFFAOYSA-N,GW680975X,Q13043,STK4,MST1,5
O=C(NCC1=CC=CC=C1)C2=CC=C(S(=O)(NCC3=CC=CC=C3)=O)C=C2,QDGVJMITKNOVTP-UHFFFAOYSA-N,TH263,Q13043,STK4,MST1,5
O=C(N(CC1=CC=CC=C1)CCCC)C2=CC=C(S(=O)(NC3=CC=CC=C3)=O)C=C2,VNCIWNGCMAKKEO-UHFFFAOYSA-N,TH257,P43405,SYK,SYK,5
NS(=O)(=O)c1cccc(c1)-c1ccc2c(NC(=O)C3CC3)n[nH]c2c1,AXXSVTAXFAAJTE-UHFFFAOYSA-N,SB-741905,Q7L7X3,TAOK1,TAOK1,6.657577319
C[C@H]1COCCN1C2=NC(=NC3=C2C=CC(=N3)C4=CC(=CC=C4)C(=O)NC)N5CCOC[C@@H]5C,JUSFANSTBFGBAF-IRXDYDNUSA-N,AZD2014,P36897,TGFBR1,TGFBR1,5
ClC1=CC=C(F)C(C2=NC(N=CC=N3)=C3C(NC4=CC=NC=C4)=N2)=C1,BERLXWPRSBJFHO-UHFFFAOYSA-N,SD-208,P36897,TGFBR1,TGFBR1,7.698970004
Clc1c(cccc1)-n2nc(c4c2-c3sc(nc3CC4)NC(=O)NCc5[nH]ccn5)-c6cnccc6,JXKHIJZYDXHNSW-UHFFFAOYSA-N,BI00048423,P37173,TGFBR2,TGFBR2,6.443697499
Clc1ccc(CNc2nccc(n2)-c2cnn3ncccc23)cc1,NEWXQDRWGLAOAY-UHFFFAOYSA-N,GW781673X,P37173,TGFBR2,TGFBR2,6.602059991
s1c(nc3c1-c2n(nc(c2C(C3)C)-c4cnc(cc4)NCC)-c5c(cccc5)C)NC(=O)OC,FQXPXUGHKSKDIL-UHFFFAOYSA-N,BI00857480,Q59H18,TNNI3K,TNNI3K,5
O=S(NC1=CC(C2=CC=C(C(NC(C3CC3)=O)=NN4)C4=C2)=CC=C1)(N(CC)CC)=O,UCBIQZUJJSVQHL-UHFFFAOYSA-N,UNC-AA-1-0013,Q59H18,TNNI3K,TNNI3K,5
COc1c(cc(cc1-c1ccc(cc1)S(N)(=O)=O)-c1ccc(Cl)cc1)C(N)=O,PGMGCWOOCLJXIF-UHFFFAOYSA-N,GSK711701A,Q9BXA7,TSSK1B,TSSK1B,5
NC(=O)c1cc(cc(c1N)-c1ccncc1)-c1ccc(F)cc1,INRJBVLMKPWSHK-UHFFFAOYSA-N,GSK620503A,Q9BXA7,TSSK1B,TSSK1B,5
Cc1cc(cc(C)c1\C=C\c1cncc(c1)-c1nn[nH]n1)-c1ccccn1,LBJHHPBGZCPQIO-VOTSOKGWSA-N,GW459057A,Q9BXA7,TSSK1B,TSSK1B,5
O=C(NCC1=CC=CC=C1)C2=CC=C(S(=O)(NCC3=CC=CC=C3)=O)C=C2,QDGVJMITKNOVTP-UHFFFAOYSA-N,TH263,Q9BXA7,TSSK1B,TSSK1B,5
s1c(nc3c1-c2n(nc(c2C(C3)C)-c4cnc(cc4)NCC)-c5c(cccc5)C)NC(=O)OC,FQXPXUGHKSKDIL-UHFFFAOYSA-N,BI00857480,Q96PN8,TSSK3,TSSK3,5
CN1CCC(NC(C2=CC(OC)=C(NC3=NC=C(N(C(C(F)(F)CN4C5CCCC5)=O)C)C4=N3)C=C2F)=O)CC1,GWRSATNRNFYMDI-UHFFFAOYSA-N,TAK960,P33981,TTK,TTK,6.795880017
Clc1c(cc(cc1)C#CC2(CCN(CC2)C)OC)-c3nc-4c(cn3)CCc5nc(sc5-4)NC(=O)C,SKJMTJUJMPIXBJ-UHFFFAOYSA-N,BI00047875,P29597,TYK2,TYK2(JH2domain-pseudokinase),7.193820026
NS(=O)(=O)c1cccc(c1)-c1ccc2c(NC(=O)C3CC3)n[nH]c2c1,AXXSVTAXFAAJTE-UHFFFAOYSA-N,SB-741905,Q06418,TYRO3,TYRO3,5
COc1c(cc(cc1-c1ccc(cc1)S(N)(=O)=O)-c1ccc(Cl)cc1)C(N)=O,PGMGCWOOCLJXIF-UHFFFAOYSA-N,GSK711701A,Q86Y07,VRK2,VRK2,5
S(=O)(=O)(N1CCC(CC1)Oc3c(cc2ncnc(c2c3)N[C@H](C)c4ccccc4)OC)C,HNCQUOKLTSGCPT-MRXNPFEDSA-N,BI00010951,P0C1S8,WEE2,WEE2,5
Fc1c(c(ccc1NS(=O)(=O)CCC)F)-n2nnc(c2)-c3cncc(c3)OC,PBZQXUCHRRZRTF-UHFFFAOYSA-N,BI00865461,Q9NYL2,ZAK,ZAK,7.107905397