Compound_SMILES,Compound_InchiKeys,Compound_Name,UniProt_Id,Entrez_Gene_Symbol,DiscoveRx_Gene_Symbol,pKd_[M]_pred
CS(=O)(=O)Nc1cccc(c1)-c1ccc2c(NC(=O)C3CC3)n[nH]c2c1,FUQAHBLEGDXXKS-UHFFFAOYSA-N,SB-742864,Q2M2I8,AAK1,AAK1,1
CC(C)OC(N(CC1)CCN1C2=NC3=C(C4=CN=C(C(F)(F)F)C=C4)C=NN3C=C2)=O,NDDGTHBFQLPYJL-UHFFFAOYSA-N,NK-92,Q2M2I8,AAK1,AAK1,1.01
O=S(NC1=CC(C2=CC=C(C(NC(C3CC3)=O)=NN4)C4=C2)=CC=C1)(N(CC)CC)=O,UCBIQZUJJSVQHL-UHFFFAOYSA-N,UNC-AA-1-0013,Q2M2I8,AAK1,AAK1,1.02
O=C(C1CC1)NC2=NNC3=C2C=CC(C4=CC=CC(NS(N(C)CC)(=O)=O)=C4)=C3,NKCMEGZSWOVKIL-UHFFFAOYSA-N,UNC-AA-1-0017,Q2M2I8,AAK1,AAK1,1.03
[nH]1c2c(c(c1)C(=O)NC)cc(cc2)Nc3nc(ccn3)-c4ncccc4,YNYMPWKHPFKBTO-UHFFFAOYSA-N,BI01078627,P00519,ABL1,ABL1-nonphosphorylated,1.04
NS(=O)(=O)c1cccc(c1)-c1cc2ccncc2cc1OCc1ccccc1,WFQYBHCSVMMJEF-UHFFFAOYSA-N,GSK980961A,P36896,ACVR1B,ACVR1B,1.05
ClC1=CC=C(F)C(C2=NC(N=CC=N3)=C3C(NC4=CC=NC=C4)=N2)=C1,BERLXWPRSBJFHO-UHFFFAOYSA-N,SD-208,P36896,ACVR1B,ACVR1B,1.06
COC(=O)Nc1nc2ccc(cc2[nH]1)S(=O)(=O)c1ccc(NC(=O)Nc2cc(ccc2F)C(F)(F)F)cc1,RJOBEDHRAOYOQX-UHFFFAOYSA-N,GW680908A,P25098,ADRBK1,GRK2,1.07
COc1ccc2ncnc(Nc3ccc(OCc4ccccc4)cc3)c2c1,RARTTYYZTRKYDS-UHFFFAOYSA-N,GI261520A,P31751,AKT2,AKT2,1.08
O=S(C2=CC=CC1=CN=CC=C12)(NCCNC/C=C/C3=CC=C(Br)C=C3)=O,ZKZXNDJNWUTGDK-NSCUHMNNSA-N,H89,P31751,AKT2,AKT2,1.09
CC(C)OC(N(CC1)CCN1C2=NC3=C(C4=CN=C(C(F)(F)F)C=C4)C=NN3C=C2)=O,NDDGTHBFQLPYJL-UHFFFAOYSA-N,NK-92,Q8NFD2,ANKK1,ANKK1,1.1
ClC1=CC(NC2=NC=CC(NCCCN3CCOCC3)=N2)=CC=C1,XEEXZIORUKKBII-UHFFFAOYSA-N,DI00625271,Q9UQB9,AURKC,AURKC,1.11
s1c(nc3c1-c2n(nc(c2C(C3)C)-c4cnc(cc4)NCC)-c5c(cccc5)C)NC(=O)OC,FQXPXUGHKSKDIL-UHFFFAOYSA-N,BI00857480,Q9NSY1,BMP2K,BIKE,1.12
CS(=O)(=O)Nc1cccc(c1)-c1ccc2c(NC(=O)C3CC3)n[nH]c2c1,FUQAHBLEGDXXKS-UHFFFAOYSA-N,SB-742864,Q9NSY1,BMP2K,BIKE,1.13
CC(C)OC(N(CC1)CCN1C2=NC3=C(C4=CN=C(C(F)(F)F)C=C4)C=NN3C=C2)=O,NDDGTHBFQLPYJL-UHFFFAOYSA-N,NK-92,Q9NSY1,BMP2K,BIKE,1.14
O=S(NC1=CC(C2=CC=C(C(NC(C3CC3)=O)=NN4)C4=C2)=CC=C1)(N(CC)CC)=O,UCBIQZUJJSVQHL-UHFFFAOYSA-N,UNC-AA-1-0013,Q9NSY1,BMP2K,BIKE,1.15
O=C(C1CC1)NC2=NNC3=C2C=CC(C4=CC=CC(NS(N(C)CC)(=O)=O)=C4)=C3,NKCMEGZSWOVKIL-UHFFFAOYSA-N,UNC-AA-1-0017,Q9NSY1,BMP2K,BIKE,1.16
O=C(C1CC1)NC2=NNC3=C2C=CC(C4=CC=CC(NS(CC(C)C)(=O)=O)=C4)=C3,SENOTLIGBLGKGP-UHFFFAOYSA-N,UNC-AA-1-0022,Q9NSY1,BMP2K,BIKE,1.17
NS(=O)(=O)c1cccc(c1)-c1cc2ccncc2cc1OCc1ccccc1,WFQYBHCSVMMJEF-UHFFFAOYSA-N,GSK980961A,P36894,BMPR1A,BMPR1A,1.18
Fc1c(c(ccc1NS(=O)(=O)CCC)F)-n2nnc(c2)-c3cncc(c3)OC,PBZQXUCHRRZRTF-UHFFFAOYSA-N,BI00865461,P15056,BRAF,BRAF,1.19
S(=O)(=O)(N1CCC(CC1)Oc3c(cc2ncnc(c2c3)N[C@H](C)c4ccccc4)OC)C,HNCQUOKLTSGCPT-MRXNPFEDSA-N,BI00010951,Q8IWQ3,BRSK2,BRSK2,1.2
NS(=O)(=O)c1ccc(Nc2cc(n[nH]2)-c2cccc(O)c2)cc1,PVLOKYREDKFWTF-UHFFFAOYSA-N,GW831090X,Q8IWQ3,BRSK2,BRSK2,1.21
COc1ccc(cc1)-c1nn2ncccc2c1-c1ccnc(Nc2cccc(c2)C(F)(F)F)n1,BWBYKJFTJZIURF-UHFFFAOYSA-N,GW827105X,O43683,BUB1,BUB1,1.22
CN1CCC(CNC(C=C2)=NN3C2=NC=C3C4=CC=CC(OC(F)(F)F)=C4)CC1,MHXGEROHKGDZGO-UHFFFAOYSA-N,SGI-1776,Q14012,CAMK1,CAMK1,1.23
s1c(nc3c1-c2n(nc(c2C(C3)C)-c4cnc(cc4)NCC)-c5c(cccc5)C)NC(=O)OC,FQXPXUGHKSKDIL-UHFFFAOYSA-N,BI00857480,Q16566,CAMK4,CAMK4,1.24
CN1CCC(NC(C2=CC(OC)=C(NC3=NC=C(N(C(C(F)(F)CN4C5CCCC5)=O)C)C4=N3)C=C2F)=O)CC1,GWRSATNRNFYMDI-UHFFFAOYSA-N,TAK960,Q96RR4,CAMKK2,CAMKK2,1.25
ClC1=CC=C(F)C(C2=NC(N=CC=N3)=C3C(NC4=CC=NC=C4)=N2)=C1,BERLXWPRSBJFHO-UHFFFAOYSA-N,SD-208,Q5VT25,CDC42BPA,MRCKA,1.26
ClC1=CC=C(F)C(C2=NC(N=CC=N3)=C3C(NC4=CC=NC=C4)=N2)=C1,BERLXWPRSBJFHO-UHFFFAOYSA-N,SD-208,Q9Y5S2,CDC42BPB,MRCKB,1.27
ClC1=CC=C(F)C(C2=NC(N=CC=N3)=C3C(NC4=CC=NC=C4)=N2)=C1,BERLXWPRSBJFHO-UHFFFAOYSA-N,SD-208,Q6DT37,CDC42BPG,DMPK2,1.28
O[C@H]([C@H](O)[C@@H](CO)O3)[C@@H]3N1C2=C(C(N)=NC=N2)C(I)=C1,WHSIXKUPQCKWBY-IOSLPCCCSA-N,5-iodotubercidin,Q14004,CDK13,CDC2L5,1.29
O=C(Nc1n[nH]c2nc(ccc12)-c1ccco1)C1CC1,FJINJXZTEKDFRA-UHFFFAOYSA-N,SB-743899,Q96Q40,CDK15,PFTAIRE2,1.3
Clc1ccc(CNc2nccc(n2)-c2cnn3ncccc23)cc1,NEWXQDRWGLAOAY-UHFFFAOYSA-N,GW781673X,Q9BWU1,CDK19,CDK11,1.31
CC(C)OC(N(CC1)CCN1C2=NC3=C(C4=CN=C(C(F)(F)F)C=C4)C=NN3C=C2)=O,NDDGTHBFQLPYJL-UHFFFAOYSA-N,NK-92,P24941,CDK2,CDK2,1.32
Clc1ccc(CNc2nccc(n2)-c2cnn3ncccc23)cc1,NEWXQDRWGLAOAY-UHFFFAOYSA-N,GW781673X,P50613,CDK7,CDK7,1.33
O[C@H]([C@H](O)[C@@H](CO)O3)[C@@H]3N1C2=C(C(N)=NC=N2)C(I)=C1,WHSIXKUPQCKWBY-IOSLPCCCSA-N,5-iodotubercidin,P50613,CDK7,CDK7,1.34
Clc1ccc(CNc2nccc(n2)-c2cnn3ncccc23)cc1,NEWXQDRWGLAOAY-UHFFFAOYSA-N,GW781673X,P49336,CDK8,CDK8,1.35
CC(C)c1ccc2\C(=N/Nc3ccc(cc3)S(N)(=O)=O)C(=O)Nc2c1,KBESLZOGXNTNCJ-UHFFFAOYSA-N,GW300653X,Q92772,CDKL2,CDKL2,1.36
O=C(Nc1n[nH]c2nc(ccc12)-c1ccco1)C1CC1,FJINJXZTEKDFRA-UHFFFAOYSA-N,SB-743899,Q92772,CDKL2,CDKL2,1.37
O=S(NC1=CC(C2=CC=C(C(NC(C3CC3)=O)=NN4)C4=C2)=CC=C1)(N(CC)CC)=O,UCBIQZUJJSVQHL-UHFFFAOYSA-N,UNC-AA-1-0013,Q92772,CDKL2,CDKL2,1.38
O=C(C1CC1)NC2=NNC3=C2C=CC(C4=CC=CC(NS(N(C)CC)(=O)=O)=C4)=C3,NKCMEGZSWOVKIL-UHFFFAOYSA-N,UNC-AA-1-0017,Q92772,CDKL2,CDKL2,1.39
O=C(C1CC1)NC2=NNC3=C2C=CC(C4=CC=CC(NS(CC(C)C)(=O)=O)=C4)=C3,SENOTLIGBLGKGP-UHFFFAOYSA-N,UNC-AA-1-0022,Q92772,CDKL2,CDKL2,1.4
O[C@H]([C@H](O)[C@@H](CO)O3)[C@@H]3N1C2=C(C(N)=NC=N2)C(I)=C1,WHSIXKUPQCKWBY-IOSLPCCCSA-N,5-iodotubercidin,O15111,CHUK,IKK-alpha,1.41
Clc1ccc(CNc2nccc(n2)-c2cnn3ncccc23)cc1,NEWXQDRWGLAOAY-UHFFFAOYSA-N,GW781673X,P49759,CLK1,CLK1,1.42
Clc1ccc(CNc2nccc(n2)-c2cnn3ncccc23)cc1,NEWXQDRWGLAOAY-UHFFFAOYSA-N,GW781673X,P49760,CLK2,CLK2,1.43
O[C@H]([C@H](O)[C@@H](CO)O3)[C@@H]3N1C2=C(C(N)=NC=N2)C(I)=C1,WHSIXKUPQCKWBY-IOSLPCCCSA-N,5-iodotubercidin,P49760,CLK2,CLK2,1.44
CN1CCC(NC(C2=CC(OC)=C(NC3=NC=C(N(C(C(F)(F)CN4C5CCCC5)=O)C)C4=N3)C=C2F)=O)CC1,GWRSATNRNFYMDI-UHFFFAOYSA-N,TAK960,P49760,CLK2,CLK2,1.45
Clc1ccc(CNc2nccc(n2)-c2cnn3ncccc23)cc1,NEWXQDRWGLAOAY-UHFFFAOYSA-N,GW781673X,Q9HAZ1,CLK4,CLK4,1.46
O=S(NC1=CC(C2=CC=C(C(NC(C3CC3)=O)=NN4)C4=C2)=CC=C1)(N(CC)CC)=O,UCBIQZUJJSVQHL-UHFFFAOYSA-N,UNC-AA-1-0013,Q9HAZ1,CLK4,CLK4,1.47
C[C@H]1COCCN1C2=NC(=NC3=C2C=CC(=N3)C4=CC(=CC=C4)C(=O)NC)N5CCOC[C@@H]5C,JUSFANSTBFGBAF-IRXDYDNUSA-N,AZD2014,P07333,CSF1R,CSF1R,1.48
CN1CCC(CC1)n1cnc(c1-c1ccnc(NCCO)n1)-c1ccc(F)cc1,XKOQKLFWCLUSAU-UHFFFAOYSA-N,SB-226879,P48729,CSNK1A1,CSNK1A1,1.49
CN1CCC(CC1)n1cnc(c1-c1ccnc(N)n1)-c1ccc(F)cc1,SVRAGOOKTLUHES-UHFFFAOYSA-N,SB-220455,P48729,CSNK1A1,CSNK1A1,1.5
O[C@H]([C@H](O)[C@@H](CO)O3)[C@@H]3N1C2=C(C(N)=NC=N2)C(I)=C1,WHSIXKUPQCKWBY-IOSLPCCCSA-N,5-iodotubercidin,P48729,CSNK1A1,CSNK1A1,1.51
Nc1nccc(n1)-c1c(nn2cc(ccc12)C(F)(F)F)-c1ccc(F)cc1,JQUJTXXKVLSAEV-UHFFFAOYSA-N,GW568326X,P48729,CSNK1A1,CSNK1A1,1.52
S(=O)(=O)(N1CCC(CC1)Oc3c(cc2ncnc(c2c3)N[C@H](C)c4ccccc4)OC)C,HNCQUOKLTSGCPT-MRXNPFEDSA-N,BI00010951,Q8N752,CSNK1A1L,CSNK1A1L,1.53
CN1CCC(CC1)n1cnc(c1-c1ccnc(N)n1)-c1ccc(F)cc1,SVRAGOOKTLUHES-UHFFFAOYSA-N,SB-220455,Q8N752,CSNK1A1L,CSNK1A1L,1.54
CN1CCC(CC1)n1cnc(c1-c1ccnc(N)n1)-c1ccc(F)cc1,SVRAGOOKTLUHES-UHFFFAOYSA-N,SB-220455,P48730,CSNK1D,CSNK1D,1.55
CC(C)OC(N(CC1)CCN1C2=NC3=C(C4=CN=C(C(F)(F)F)C=C4)C=NN3C=C2)=O,NDDGTHBFQLPYJL-UHFFFAOYSA-N,NK-92,P48730,CSNK1D,CSNK1D,1.56
Cc1ccc2c(c(nn2n1)-c1ccc(cc1)C(F)(F)F)-c1ccnc(Nc2ccc3OCCOc3c2)n1,JLEUOCWABWBHQW-UHFFFAOYSA-N,GW832467X,P48730,CSNK1D,CSNK1D,1.57
CN1CCC(CC1)n1cnc(c1-c1ccnc(NCCO)n1)-c1ccc(F)cc1,XKOQKLFWCLUSAU-UHFFFAOYSA-N,SB-226879,P49674,CSNK1E,CSNK1E,1.58
Clc1ccc(CNc2nccc(n2)-c2cnn3ncccc23)cc1,NEWXQDRWGLAOAY-UHFFFAOYSA-N,GW781673X,P49674,CSNK1E,CSNK1E,1.59
CN1CCC(CC1)n1cnc(c1-c1ccnc(N)n1)-c1ccc(F)cc1,SVRAGOOKTLUHES-UHFFFAOYSA-N,SB-220455,P49674,CSNK1E,CSNK1E,1.6
Nc1nccc(n1)-c1c(nn2cc(ccc12)C(F)(F)F)-c1ccc(F)cc1,JQUJTXXKVLSAEV-UHFFFAOYSA-N,GW568326X,P49674,CSNK1E,CSNK1E,1.61
Clc1c(cc(cc1)C#CC2(CCN(CC2)C)OC)-c3nc-4c(cn3)CCc5nc(sc5-4)NC(=O)C,SKJMTJUJMPIXBJ-UHFFFAOYSA-N,BI00047875,Q9HCP0,CSNK1G1,CSNK1G1,1.62
CN1CCC(NC(C2=CC(OC)=C(NC3=NC=C(N(C(C(F)(F)CN4C5CCCC5)=O)C)C4=N3)C=C2F)=O)CC1,GWRSATNRNFYMDI-UHFFFAOYSA-N,TAK960,P53355,DAPK1,DAPK1,1.63
CC(C)c1ccc2\C(=N/Nc3ccc(cc3)S(N)(=O)=O)C(=O)Nc2c1,KBESLZOGXNTNCJ-UHFFFAOYSA-N,GW300653X,Q9UIK4,DAPK2,DAPK2,1.64
O=C(C1CC1)NC2=NNC3=C2C=CC(C4=CC=CC(NS(N(C)CC)(=O)=O)=C4)=C3,NKCMEGZSWOVKIL-UHFFFAOYSA-N,UNC-AA-1-0017,Q9UIK4,DAPK2,DAPK2,1.65
CC(C)c1ccc2\C(=N/Nc3ccc(cc3)S(N)(=O)=O)C(=O)Nc2c1,KBESLZOGXNTNCJ-UHFFFAOYSA-N,GW300653X,O43293,DAPK3,DAPK3,1.66
CN1CCC(NC(C2=CC(OC)=C(NC3=NC=C(N(C(C(F)(F)CN4C5CCCC5)=O)C)C4=N3)C=C2F)=O)CC1,GWRSATNRNFYMDI-UHFFFAOYSA-N,TAK960,O43293,DAPK3,DAPK3,1.67
O=C(C1CC1)NC2=NNC3=C2C=CC(C4=CC=CC(NS(N(C)CC)(=O)=O)=C4)=C3,NKCMEGZSWOVKIL-UHFFFAOYSA-N,UNC-AA-1-0017,O43293,DAPK3,DAPK3,1.68
FC(F)(F)c1c(ccc(c1)NC(=O)c2cc(c(cc2)C)-c3noc(n3)-c4cnccc4)Cl,LQZIUMJCFXSPTG-UHFFFAOYSA-N,BI00831861,Q08345,DDR1,DDR1,1.69
COC(=O)Nc1nc2ccc(cc2[nH]1)S(=O)(=O)c1ccc(NC(=O)Nc2cc(ccc2F)C(F)(F)F)cc1,RJOBEDHRAOYOQX-UHFFFAOYSA-N,GW680908A,Q08345,DDR1,DDR1,1.7
COc1ccc(cc1)-c1nn2ncccc2c1-c1ccnc(Nc2cccc(c2)C(F)(F)F)n1,BWBYKJFTJZIURF-UHFFFAOYSA-N,GW827105X,Q08345,DDR1,DDR1,1.71
CNC(=O)c1cncc(\C=C\c2ccccc2Cl)c1,HVTWLTGGYKBXHX-VOTSOKGWSA-N,GW445017X,Q08345,DDR1,DDR1,1.72
O=C(C(N1C)=CC2=C1C(OC3=CC(C(N4CCN(C)CC4)=O)=NC=C3)=CC=C2)NC5=CC(C(C)(C)C)=CC(NS(=O)(C)=O)=C5OC,MAABOYWIPSQEMY-UHFFFAOYSA-N,BI00601359,Q08345,DDR1,DDR1,1.73
Cc1ccc2c(c(nn2n1)-c1ccc(cc1)C(F)(F)F)-c1ccnc(Nc2ccc3OCCOc3c2)n1,JLEUOCWABWBHQW-UHFFFAOYSA-N,GW832467X,Q08345,DDR1,DDR1,1.74
Nc1nccc(n1)-c1c(nn2cc(ccc12)C(F)(F)F)-c1ccc(F)cc1,JQUJTXXKVLSAEV-UHFFFAOYSA-N,GW568326X,Q08345,DDR1,DDR1,1.75
FC(F)(F)c1c(ccc(c1)NC(=O)c2cc(c(cc2)C)-c3noc(n3)-c4cnccc4)Cl,LQZIUMJCFXSPTG-UHFFFAOYSA-N,BI00831861,Q16832,DDR2,DDR2,1.76
O=C(C(N1C)=CC2=C1C(OC3=CC(C(N4CCN(C)CC4)=O)=NC=C3)=CC=C2)NC5=CC(C(C)(C)C)=CC(NS(=O)(C)=O)=C5OC,MAABOYWIPSQEMY-UHFFFAOYSA-N,BI00601359,Q16832,DDR2,DDR2,1.77
s1c(nc3c1-c2n(nc(c2C(C3)C)-c4cnc(cc4)NCC)-c5c(cccc5)C)NC(=O)OC,FQXPXUGHKSKDIL-UHFFFAOYSA-N,BI00857480,Q09013,DMPK,DMPK,1.78
O[C@H]([C@H](O)[C@@H](CO)O3)[C@@H]3N1C2=C(C(N)=NC=N2)C(I)=C1,WHSIXKUPQCKWBY-IOSLPCCCSA-N,5-iodotubercidin,Q13627,DYRK1A,DYRK1A,1.79
COc1cc2ncn(-c3cc(OCc4ccccc4C(F)(F)F)c(s3)C(=O)N(C)C)c2cc1OC,CKYDKNBLVBVPCS-UHFFFAOYSA-N,GSK1030062A,Q9Y463,DYRK1B,DYRK1B,1.8
Clc1ccc(CNc2nccc(n2)-c2cnn3ncccc23)cc1,NEWXQDRWGLAOAY-UHFFFAOYSA-N,GW781673X,Q9Y463,DYRK1B,DYRK1B,1.81
O[C@H]([C@H](O)[C@@H](CO)O3)[C@@H]3N1C2=C(C(N)=NC=N2)C(I)=C1,WHSIXKUPQCKWBY-IOSLPCCCSA-N,5-iodotubercidin,Q92630,DYRK2,DYRK2,1.82
ClC1=CC(NC2=NC=CC(NCCCN3CCOCC3)=N2)=CC=C1,XEEXZIORUKKBII-UHFFFAOYSA-N,DI00625271,Q92630,DYRK2,DYRK2,1.83
S(=O)(=O)(N1CCC(CC1)Oc3c(cc2ncnc(c2c3)N[C@H](C)c4ccccc4)OC)C,HNCQUOKLTSGCPT-MRXNPFEDSA-N,BI00010951,P00533,EGFR,EGFR,1.84
Clc1c(cc(cc1)C#CC2(CCN(CC2)C)OC)-c3nc-4c(cn3)CCc5nc(sc5-4)NC(=O)C,SKJMTJUJMPIXBJ-UHFFFAOYSA-N,BI00047875,P00533,EGFR,EGFR,1.85
Fc1cccc(COc2ccc(Nc3ncnc4sc(cc34)-c3cccs3)cc2Cl)c1,PBIJKZCHYCDPPC-UHFFFAOYSA-N,GW684626B,P00533,EGFR,EGFR,1.86
COc1ccc2ncnc(Nc3ccc(OCc4ccccc4)cc3)c2c1,RARTTYYZTRKYDS-UHFFFAOYSA-N,GI261520A,P00533,EGFR,EGFR,1.87
O=C(N(CC1=CC=CC=C1)CCCC)C2=CC=C(S(=O)(NC3=CC=CC=C3)=O)C=C2,VNCIWNGCMAKKEO-UHFFFAOYSA-N,TH257,P00533,EGFR,EGFR,1.88
Fc1cccc(COc2ccc(Nc3ncnc4sc(cc34)-c3cccs3)cc2Cl)c1,PBIJKZCHYCDPPC-UHFFFAOYSA-N,GW684626B,Q9BQI3,EIF2AK1,EIF2AK1,1.89
NS(=O)(=O)c1ccc(cc1)-c1ccc2c(NC(=O)C3CC3)n[nH]c2c1,ZZTJLVZEYMOZSD-UHFFFAOYSA-N,SB-738482,Q9P2K8,EIF2AK4,"GCN2(Kin.Dom.2,S808G)",1.9
Cc1cc(Cl)cc2C(=NNc3ccc(cc3)S(N)(=O)=O)C(=O)Nc12,YWGGNXADJYGMJY-UHFFFAOYSA-N,GW279320X,P29317,EPHA2,EPHA2,1.91
O=C(Nc1n[nH]c2nc(ccc12)-c1ccco1)C1CC1,FJINJXZTEKDFRA-UHFFFAOYSA-N,SB-743899,P29317,EPHA2,EPHA2,1.92
O=C(C1CC1)NC2=NNC3=C2C=CC(C4=CC=CC(NS(N(C)CC)(=O)=O)=C4)=C3,NKCMEGZSWOVKIL-UHFFFAOYSA-N,UNC-AA-1-0017,P29317,EPHA2,EPHA2,1.93
FC(F)(F)c1c(ccc(c1)NC(=O)c2cc(c(cc2)C)-c3noc(n3)-c4cnccc4)Cl,LQZIUMJCFXSPTG-UHFFFAOYSA-N,BI00831861,P54764,EPHA4,EPHA4,1.94
FC(F)(F)c1c(ccc(c1)NC(=O)c2cc(c(cc2)C)-c3noc(n3)-c4cnccc4)Cl,LQZIUMJCFXSPTG-UHFFFAOYSA-N,BI00831861,Q9UF33,EPHA6,EPHA6,1.95
COC(=O)Nc1nc2ccc(cc2[nH]1)S(=O)(=O)c1ccc(NC(=O)Nc2cc(ccc2F)C(F)(F)F)cc1,RJOBEDHRAOYOQX-UHFFFAOYSA-N,GW680908A,P29322,EPHA8,EPHA8,1.96
FC(F)(F)c1c(ccc(c1)NC(=O)c2cc(c(cc2)C)-c3noc(n3)-c4cnccc4)Cl,LQZIUMJCFXSPTG-UHFFFAOYSA-N,BI00831861,P54753,EPHB3,EPHB3,1.97
Fc1c(c(ccc1NS(=O)(=O)CCC)F)-n2nnc(c2)-c3cncc(c3)OC,PBZQXUCHRRZRTF-UHFFFAOYSA-N,BI00865461,O15197,EPHB6,EPHB6,1.98
Cc1cc(cc(C)c1\C=C\c1cncc(c1)-c1nn[nH]n1)-c1ccccn1,LBJHHPBGZCPQIO-VOTSOKGWSA-N,GW459057A,O15197,EPHB6,EPHB6,1.99
S(=O)(=O)(N1CCC(CC1)Oc3c(cc2ncnc(c2c3)N[C@H](C)c4ccccc4)OC)C,HNCQUOKLTSGCPT-MRXNPFEDSA-N,BI00010951,P04626,ERBB2,ERBB2,2
Fc1cccc(COc2ccc(Nc3ncnc4sc(cc34)-c3cccs3)cc2Cl)c1,PBIJKZCHYCDPPC-UHFFFAOYSA-N,GW684626B,P04626,ERBB2,ERBB2,2.01
COc1ccc2ncnc(Nc3ccc(OCc4ccccc4)cc3)c2c1,RARTTYYZTRKYDS-UHFFFAOYSA-N,GI261520A,P04626,ERBB2,ERBB2,2.02
COc1ccc2ncnc(Nc3ccc(OCc4ccccc4)cc3)c2c1,RARTTYYZTRKYDS-UHFFFAOYSA-N,GI261520A,Q15303,ERBB4,ERBB4,2.03
ClC1=CC(NC2=NC=CC(NCCCN3CCOCC3)=N2)=CC=C1,XEEXZIORUKKBII-UHFFFAOYSA-N,DI00625271,O75460,ERN1,ERN1,2.04
Cc1cc(Cl)cc2C(=NNc3ccc(cc3)S(N)(=O)=O)C(=O)Nc12,YWGGNXADJYGMJY-UHFFFAOYSA-N,GW279320X,P21802,FGFR2,FGFR2,2.05
O=C(Nc1n[nH]c2nc(ccc12)-c1ccco1)C1CC1,FJINJXZTEKDFRA-UHFFFAOYSA-N,SB-743899,P21802,FGFR2,FGFR2,2.06
O=C(C1CC1)NC2=NNC3=C2C=CC(C4=CC=CC(NS(N(C)CC)(=O)=O)=C4)=C3,NKCMEGZSWOVKIL-UHFFFAOYSA-N,UNC-AA-1-0017,P21802,FGFR2,FGFR2,2.07
s1c(nc3c1-c2n(nc(c2C(C3)C)-c4cnc(cc4)NCC)-c5c(cccc5)C)NC(=O)OC,FQXPXUGHKSKDIL-UHFFFAOYSA-N,BI00857480,P22455,FGFR4,FGFR4,2.08
O=S(NC1=CC(C2=CC=C(C(NC(C3CC3)=O)=NN4)C4=C2)=CC=C1)(N(CC)CC)=O,UCBIQZUJJSVQHL-UHFFFAOYSA-N,UNC-AA-1-0013,P22455,FGFR4,FGFR4,2.09
Clc1c(cc(cc1)C#CC2(CCN(CC2)C)OC)-c3nc-4c(cn3)CCc5nc(sc5-4)NC(=O)C,SKJMTJUJMPIXBJ-UHFFFAOYSA-N,BI00047875,P17948,FLT1,FLT1,2.1
Clc1c(cc(cc1)C#CC2(CCN(CC2)C)OC)-c3nc-4c(cn3)CCc5nc(sc5-4)NC(=O)C,SKJMTJUJMPIXBJ-UHFFFAOYSA-N,BI00047875,P36888,FLT3,FLT3(ITD),2.11
CC(C)c1ccc2\C(=N/Nc3ccc(cc3)S(N)(=O)=O)C(=O)Nc2c1,KBESLZOGXNTNCJ-UHFFFAOYSA-N,GW300653X,P36888,FLT3,FLT3,2.12
COc1c(cc(cc1-c1ccc(cc1)S(N)(=O)=O)-c1ccc(Cl)cc1)C(N)=O,PGMGCWOOCLJXIF-UHFFFAOYSA-N,GSK711701A,P36888,FLT3,FLT3,2.13
NC(=O)c1cc(cc(c1N)-c1ccncc1)-c1ccc(F)cc1,INRJBVLMKPWSHK-UHFFFAOYSA-N,GSK620503A,P36888,FLT3,FLT3,2.14
COc1ccc(cc1C(N)=O)-c1ccncc1,QEYUQXQAUUYZDC-UHFFFAOYSA-N,GSK605714A,P36888,FLT3,FLT3,2.15
N(c1ncc(o1)-c1ccccc1)c1ccccc1,HFICAVMUTYFODG-UHFFFAOYSA-N,GW549390X,P36888,FLT3,FLT3,2.16
COc1cc2ncn(-c3cc(OCc4ccccc4C(F)(F)F)c(s3)C(=O)N(C)C)c2cc1OC,CKYDKNBLVBVPCS-UHFFFAOYSA-N,GSK1030062A,P36888,FLT3,FLT3,2.17
N#Cc1cccc(Nc2ncc(o2)-c2ccccc2)c1,VZMXZHOJAGFSNF-UHFFFAOYSA-N,GW627834A,P36888,FLT3,FLT3,2.18
Cc1cc(cc(C)c1\C=C\c1cncc(c1)-c1nn[nH]n1)-c1ccccn1,LBJHHPBGZCPQIO-VOTSOKGWSA-N,GW459057A,P36888,FLT3,FLT3,2.19
N(c1ncc(o1)-c1ccccc1)c1ccc(Oc2ccccc2)cc1,MKASXHWBPFPYNF-UHFFFAOYSA-N,GW641155A,P36888,FLT3,FLT3,2.2
COc1ccc2ncnc(Nc3ccc(OCc4ccccc4)cc3)c2c1,RARTTYYZTRKYDS-UHFFFAOYSA-N,GI261520A,P42685,FRK,FRK,2.21
COc1ccc2ncnc(Nc3ccc(OCc4ccccc4)cc3)c2c1,RARTTYYZTRKYDS-UHFFFAOYSA-N,GI261520A,P06241,FYN,FYN,2.22
Clc1c(cc(cc1)C#CC2(CCN(CC2)C)OC)-c3nc-4c(cn3)CCc5nc(sc5-4)NC(=O)C,SKJMTJUJMPIXBJ-UHFFFAOYSA-N,BI00047875,O14976,GAK,GAK,2.23
COc1ccc(cc1)-c1nn2ncccc2c1-c1ccnc(Nc2cccc(c2)C(F)(F)F)n1,BWBYKJFTJZIURF-UHFFFAOYSA-N,GW827105X,O14976,GAK,GAK,2.24
CN1CCC(NC(C2=CC(OC)=C(NC3=NC=C(N(C(C(F)(F)CN4C5CCCC5)=O)C)C4=N3)C=C2F)=O)CC1,GWRSATNRNFYMDI-UHFFFAOYSA-N,TAK960,O14976,GAK,GAK,2.25
Nc1nccc(n1)-c1c(nn2cc(ccc12)C(F)(F)F)-c1ccc(F)cc1,JQUJTXXKVLSAEV-UHFFFAOYSA-N,GW568326X,O14976,GAK,GAK,2.26
O=C(C1CC1)NC2=NNC3=C2C=CC(C4=CC=CC(NS(N(C)CC)(=O)=O)=C4)=C3,NKCMEGZSWOVKIL-UHFFFAOYSA-N,UNC-AA-1-0017,P32298,GRK4,GRK4,2.27
O=C(NC=C1)C2=C1C(C(C(C)C)=NO3)=C3C4=C2C=C(C)C=C4,RHCWRLPKOJKBJP-UHFFFAOYSA-N,MO 286/LN 989,P32298,GRK4,GRK4,2.28
CN1CCC(CNC(C=C2)=NN3C2=NC=C3C4=CC=CC(OC(F)(F)F)=C4)CC1,MHXGEROHKGDZGO-UHFFFAOYSA-N,SGI-1776,Q8WTQ7,GRK7,GRK7,2.29
Cc1ccc2c(c(nn2n1)-c1ccc(cc1)C(F)(F)F)-c1ccnc(Nc2ccc3OCCOc3c2)n1,JLEUOCWABWBHQW-UHFFFAOYSA-N,GW832467X,Q8WTQ7,GRK7,GRK7,2.3
Fc1ccc(cc1)-c1c(nc2SCCn12)-c1ccncc1,GLHFDXWSDZWRNN-UHFFFAOYSA-N,SKF-86055,Q8TF76,GSG2,HASPIN,2.31
COc1ccc(cc1C(N)=O)-c1ccncc1,QEYUQXQAUUYZDC-UHFFFAOYSA-N,GSK605714A,Q8TF76,GSG2,HASPIN,2.32
O=S(C2=CC=CC1=CN=CC=C12)(NCCNC/C=C/C3=CC=C(Br)C=C3)=O,ZKZXNDJNWUTGDK-NSCUHMNNSA-N,H89,Q8TF76,GSG2,HASPIN,2.33
CN1CCC(CNC(C=C2)=NN3C2=NC=C3C4=CC=CC(OC(F)(F)F)=C4)CC1,MHXGEROHKGDZGO-UHFFFAOYSA-N,SGI-1776,Q8TF76,GSG2,HASPIN,2.34
O[C@H]([C@H](O)[C@@H](CO)O3)[C@@H]3N1C2=C(C(N)=NC=N2)C(I)=C1,WHSIXKUPQCKWBY-IOSLPCCCSA-N,5-iodotubercidin,Q8TF76,GSG2,HASPIN,2.35
O=C(OC)C1=CC=C(C2=C(C(N)=C(C(N)=O)S3)C3=NC(N4CCC(N)CC4)=C2)C=C1,LBVMBECAHIBYAO-UHFFFAOYSA-N,BI00604549,Q8TF76,GSG2,HASPIN,2.36
CC1=CN=C(N1)C2=CN=C(N=C2C3=C(C=C(C=C3)Cl)Cl)NCCNC4=NC=C(C=C4)C#N,AQGNHMOJWBZFQQ-UHFFFAOYSA-N,CHIR99021,P49840,GSK3A,GSK3A,2.37
CC1=CN=C(N1)C2=CN=C(N=C2C3=C(C=C(C=C3)Cl)Cl)NCCNC4=NC=C(C=C4)C#N,AQGNHMOJWBZFQQ-UHFFFAOYSA-N,CHIR99021,P49841,GSK3B,GSK3B,2.38
Fc1c(c(ccc1NS(=O)(=O)CCC)F)-n2nnc(c2)-c3cncc(c3)OC,PBZQXUCHRRZRTF-UHFFFAOYSA-N,BI00865461,P08631,HCK,HCK,2.39
Clc1ccc(CNc2nccc(n2)-c2cnn3ncccc23)cc1,NEWXQDRWGLAOAY-UHFFFAOYSA-N,GW781673X,Q86Z02,HIPK1,HIPK1,2.4
O[C@H]([C@H](O)[C@@H](CO)O3)[C@@H]3N1C2=C(C(N)=NC=N2)C(I)=C1,WHSIXKUPQCKWBY-IOSLPCCCSA-N,5-iodotubercidin,Q86Z02,HIPK1,HIPK1,2.41
O[C@H]([C@H](O)[C@@H](CO)O3)[C@@H]3N1C2=C(C(N)=NC=N2)C(I)=C1,WHSIXKUPQCKWBY-IOSLPCCCSA-N,5-iodotubercidin,Q9H2X6,HIPK2,HIPK2,2.42
Clc1ccc(CNc2nccc(n2)-c2cnn3ncccc23)cc1,NEWXQDRWGLAOAY-UHFFFAOYSA-N,GW781673X,Q9H422,HIPK3,HIPK3,2.43
O[C@H]([C@H](O)[C@@H](CO)O3)[C@@H]3N1C2=C(C(N)=NC=N2)C(I)=C1,WHSIXKUPQCKWBY-IOSLPCCCSA-N,5-iodotubercidin,Q9H422,HIPK3,HIPK3,2.44
Clc1c(cccc1)-n2nc(c4c2-c3sc(nc3CC4)NC(=O)NCc5[nH]ccn5)-c6cnccc6,JXKHIJZYDXHNSW-UHFFFAOYSA-N,BI00048423,Q9UPZ9,ICK,ICK,2.45
O=C(OC)C1=CC=C(C2=C(C(N)=C(C(N)=O)S3)C3=NC(N4CCC(N)CC4)=C2)C=C1,LBVMBECAHIBYAO-UHFFFAOYSA-N,BI00604549,O14920,IKBKB,IKK-beta,2.46
CN1CCC(NC(C2=CC(OC)=C(NC3=NC=C(N(C(C(F)(F)CN4C5CCCC5)=O)C)C4=N3)C=C2F)=O)CC1,GWRSATNRNFYMDI-UHFFFAOYSA-N,TAK960,P06213,INSR,INSR,2.47
CN1CCC(CC1)COC2=CN=C(N=C2)C3=CC(=CC=C3)CN4C(=O)C=CC(=N4)C5=CC=CC(=C5)C#N,AHYMHWXQRWRBKT-UHFFFAOYSA-N,EMD-1214063,P51617,IRAK1,IRAK1,2.48
O[C@H]([C@H](O)[C@@H](CO)O3)[C@@H]3N1C2=C(C(N)=NC=N2)C(I)=C1,WHSIXKUPQCKWBY-IOSLPCCCSA-N,5-iodotubercidin,Q9NWZ3,IRAK4,IRAK4,2.49
CN1CCC(CC1)COC2=CN=C(N=C2)C3=CC(=CC=C3)CN4C(=O)C=CC(=N4)C5=CC=CC(=C5)C#N,AHYMHWXQRWRBKT-UHFFFAOYSA-N,EMD-1214063,Q9NWZ3,IRAK4,IRAK4,2.5
COc1ccc(cc1)-c1coc2ncnc(N)c12,QGHMHWPBFHABJY-UHFFFAOYSA-N,GW642125X,P23458,JAK1,JAK1(JH2domain-pseudokinase),2.51
NS(=O)(=O)c1ccc(cc1)-c1ccc2c(NC(=O)C3CC3)n[nH]c2c1,ZZTJLVZEYMOZSD-UHFFFAOYSA-N,SB-738482,P23458,JAK1,JAK1(JH1domain-catalytic),2.52
FC(F)(F)c1c(ccc(c1)NC(=O)c2cc(c(cc2)C)-c3noc(n3)-c4cnccc4)Cl,LQZIUMJCFXSPTG-UHFFFAOYSA-N,BI00831861,P10721,KIT,KIT,2.53
N(c1ncc(o1)-c1ccccc1)c1ccccc1,HFICAVMUTYFODG-UHFFFAOYSA-N,GW549390X,P10721,KIT,KIT,2.54
COc1ccc(cc1)-c1coc2ncnc(N)c12,QGHMHWPBFHABJY-UHFFFAOYSA-N,GW642125X,P10721,KIT,KIT,2.55
COc1ccc(cc1)-c1nn2ncccc2c1-c1ccnc(Nc2cccc(c2)C(F)(F)F)n1,BWBYKJFTJZIURF-UHFFFAOYSA-N,GW827105X,P10721,KIT,KIT,2.56
NS(=O)(=O)c1ccc(Nc2cc(n[nH]2)-c2cccc(O)c2)cc1,PVLOKYREDKFWTF-UHFFFAOYSA-N,GW831090X,P10721,KIT,KIT,2.57
N#Cc1cccc(Nc2ncc(o2)-c2ccccc2)c1,VZMXZHOJAGFSNF-UHFFFAOYSA-N,GW627834A,P10721,KIT,KIT,2.58
CNC(=O)c1cncc(\C=C\c2ccccc2Cl)c1,HVTWLTGGYKBXHX-VOTSOKGWSA-N,GW445017X,P10721,KIT,KIT,2.59
N(c1ncc(o1)-c1ccccc1)c1ccc(Oc2ccccc2)cc1,MKASXHWBPFPYNF-UHFFFAOYSA-N,GW641155A,P10721,KIT,KIT,2.6
Cc1ccc2c(c(nn2n1)-c1ccc(cc1)C(F)(F)F)-c1ccnc(Nc2ccc3OCCOc3c2)n1,JLEUOCWABWBHQW-UHFFFAOYSA-N,GW832467X,P10721,KIT,KIT,2.61
CCS(=O)(=O)c1ccc(OC)c(Nc2ncc(o2)-c2ccccc2Cl)c1,QAAZSECJUMWUTP-UHFFFAOYSA-N,GW622055X,O95835,LATS1,LATS1,2.62
NC(=O)c1cc(cc(c1N)-c1ccncc1)-c1ccc(F)cc1,INRJBVLMKPWSHK-UHFFFAOYSA-N,GSK620503A,O95835,LATS1,LATS1,2.63
Cc1cc(Cl)cc2C(=NNc3ccc(cc3)S(N)(=O)=O)C(=O)Nc12,YWGGNXADJYGMJY-UHFFFAOYSA-N,GW279320X,O95835,LATS1,LATS1,2.64
N(c1ncc(o1)-c1ccccc1)c1ccccc1,HFICAVMUTYFODG-UHFFFAOYSA-N,GW549390X,O95835,LATS1,LATS1,2.65
Cc1ccc(cc1-c1ccc(cc1)C(=O)NCC1CC1)C(=O)NC1CCC1,RPNGVORGBYYVHT-UHFFFAOYSA-N,GW782912X,O95835,LATS1,LATS1,2.66
O=C(NCC1=CC=CC=C1)C2=CC=C(S(=O)(NCC3=CC=CC=C3)=O)C=C2,QDGVJMITKNOVTP-UHFFFAOYSA-N,TH263,O95835,LATS1,LATS1,2.67
O[C@H]([C@H](O)[C@@H](CO)O3)[C@@H]3N1C2=C(C(N)=NC=N2)C(I)=C1,WHSIXKUPQCKWBY-IOSLPCCCSA-N,5-iodotubercidin,Q9NRM7,LATS2,LATS2,2.68
COC(=O)Nc1nc2ccc(cc2[nH]1)S(=O)(=O)c1ccc(NC(=O)Nc2cc(ccc2F)C(F)(F)F)cc1,RJOBEDHRAOYOQX-UHFFFAOYSA-N,GW680908A,P06239,LCK,LCK,2.69
O=C(N(CC1=CC=CC=C1)CCCC)C2=CC=C(S(=O)(NC3=CC=CC=C3)=O)C=C2,VNCIWNGCMAKKEO-UHFFFAOYSA-N,TH257,P06239,LCK,LCK,2.7
O=C(C1=CC=C(C=C1)S(=O)(NC2=CC=CC=C2)=O)N(CC)CC3=CC=CC=C3,HSFGCMJKYHQRQQ-UHFFFAOYSA-N,TH251,P53667,LIMK1,LIMK1,2.71
O=C(N(CC1=CC=CC=C1)CCCC)C2=CC=C(S(=O)(NC3=CC=CC=C3)=O)C=C2,VNCIWNGCMAKKEO-UHFFFAOYSA-N,TH257,P53667,LIMK1,LIMK1,2.72
O=C(C1=CC=C(C=C1)S(=O)(NC2=CC=CC=C2)=O)N(CC)CC3=CC=CC=C3,HSFGCMJKYHQRQQ-UHFFFAOYSA-N,TH251,P53671,LIMK2,LIMK2,2.73
O=C(N(CC1=CC=CC=C1)CCCC)C2=CC=C(S(=O)(NC3=CC=CC=C3)=O)C=C2,VNCIWNGCMAKKEO-UHFFFAOYSA-N,TH257,P53671,LIMK2,LIMK2,2.74
O=C(C1=CC=C(C=C1)S(=O)(NC2=CC=CC(Cl)=C2)=O)N(CCC)CC3=CC=CC=C3,VMGWOAVOASXXIH-UHFFFAOYSA-N,TH300,P53671,LIMK2,LIMK2,2.75
O[C@H]([C@H](O)[C@@H](CO)O3)[C@@H]3N1C2=C(C(N)=NC=N2)C(I)=C1,WHSIXKUPQCKWBY-IOSLPCCCSA-N,5-iodotubercidin,Q5S007,LRRK2,LRRK2,2.76
Fc1ccc(cc1)-c1cc(ccn1)-c1c[nH]nc1-c1ccccn1,HZJPBOLTWHOKEL-UHFFFAOYSA-N,GW680975X,P29376,LTK,LTK,2.77
O=C(NCC1=CC=CC=C1)C2=CC=C(S(=O)(NCC3=CC=CC=C3)=O)C=C2,QDGVJMITKNOVTP-UHFFFAOYSA-N,TH263,P29376,LTK,LTK,2.78
COc1cc2ncn(-c3cc(OCc4ccccc4C(F)(F)F)c(s3)C(=O)N(C)C)c2cc1OC,CKYDKNBLVBVPCS-UHFFFAOYSA-N,GSK1030062A,P07948,LYN,LYN,2.79
O=C(C1=CC=C(C=C1)S(=O)(NC2=CC=CC=C2)=O)N(CC)CC3=CC=CC=C3,HSFGCMJKYHQRQQ-UHFFFAOYSA-N,TH251,P20794,MAK,MAK,2.8
Cc1cc(cc(C)c1\C=C\c1cncc(c1)-c1nn[nH]n1)-c1ccccn1,LBJHHPBGZCPQIO-VOTSOKGWSA-N,GW459057A,Q02750,MAP2K1,MEK1,2.81
O[C@H]([C@H](O)[C@@H](CO)O3)[C@@H]3N1C2=C(C(N)=NC=N2)C(I)=C1,WHSIXKUPQCKWBY-IOSLPCCCSA-N,5-iodotubercidin,Q02750,MAP2K1,MEK1,2.82
O[C@H]([C@H](O)[C@@H](CO)O3)[C@@H]3N1C2=C(C(N)=NC=N2)C(I)=C1,WHSIXKUPQCKWBY-IOSLPCCCSA-N,5-iodotubercidin,P36507,MAP2K2,MEK2,2.83
O[C@H]([C@H](O)[C@@H](CO)O3)[C@@H]3N1C2=C(C(N)=NC=N2)C(I)=C1,WHSIXKUPQCKWBY-IOSLPCCCSA-N,5-iodotubercidin,P46734,MAP2K3,MEK3,2.84
Fc1c(c(ccc1NS(=O)(=O)CCC)F)-n2nnc(c2)-c3cncc(c3)OC,PBZQXUCHRRZRTF-UHFFFAOYSA-N,BI00865461,Q13163,MAP2K5,MEK5,2.85
CNC(=O)c1cncc(\C=C\c2ccccc2Cl)c1,HVTWLTGGYKBXHX-VOTSOKGWSA-N,GW445017X,Q13163,MAP2K5,MEK5,2.86
Cc1cc(cc(C)c1\C=C\c1cncc(c1)-c1nn[nH]n1)-c1ccccn1,LBJHHPBGZCPQIO-VOTSOKGWSA-N,GW459057A,Q13163,MAP2K5,MEK5,2.87
COc1ccc2ncnc(Nc3ccc(OCc4ccccc4)cc3)c2c1,RARTTYYZTRKYDS-UHFFFAOYSA-N,GI261520A,Q13163,MAP2K5,MEK5,2.88
O[C@H]([C@H](O)[C@@H](CO)O3)[C@@H]3N1C2=C(C(N)=NC=N2)C(I)=C1,WHSIXKUPQCKWBY-IOSLPCCCSA-N,5-iodotubercidin,Q13163,MAP2K5,MEK5,2.89
FC(F)(F)c1c(ccc(c1)NC(=O)c2cc(c(cc2)C)-c3noc(n3)-c4cnccc4)Cl,LQZIUMJCFXSPTG-UHFFFAOYSA-N,BI00831861,P52564,MAP2K6,MEK6,2.9
s1c(nc3c1-c2n(nc(c2C(C3)C)-c4cnc(cc4)NCC)-c5c(cccc5)C)NC(=O)OC,FQXPXUGHKSKDIL-UHFFFAOYSA-N,BI00857480,Q6ZN16,MAP3K15,MAP3K15,2.91
Fc1ccc(cc1)-c1c(nc2SCCn12)-c1ccncc1,GLHFDXWSDZWRNN-UHFFFAOYSA-N,SKF-86055,Q56UN5,MAP3K19,YSK4,2.92
COc1ccc(cc1C(N)=O)-c1ccncc1,QEYUQXQAUUYZDC-UHFFFAOYSA-N,GSK605714A,Q56UN5,MAP3K19,YSK4,2.93
CCn1c(nc2ccc(F)cc12)-c1nonc1N,CFCWMGRWMVZFQN-UHFFFAOYSA-N,GW785404X,Q56UN5,MAP3K19,YSK4,2.94
O[C@H]([C@H](O)[C@@H](CO)O3)[C@@H]3N1C2=C(C(N)=NC=N2)C(I)=C1,WHSIXKUPQCKWBY-IOSLPCCCSA-N,5-iodotubercidin,Q56UN5,MAP3K19,YSK4,2.95
ClC1=CC=C(F)C(C2=NC(N=CC=N3)=C3C(NC4=CC=NC=C4)=N2)=C1,BERLXWPRSBJFHO-UHFFFAOYSA-N,SD-208,P53779,MAPK10,JNK3,2.96
O=C(C(N1C)=CC2=C1C(OC3=CC(C(N4CCN(C)CC4)=O)=NC=C3)=CC=C2)NC5=CC(C(C)(C)C)=CC(NS(=O)(C)=O)=C5OC,MAABOYWIPSQEMY-UHFFFAOYSA-N,BI00601359,Q15759,MAPK11,p38-beta,2.97
Fc1ccc(cc1)-c1ncn(CCCN2CCOCC2)c1-c1ccncc1,ANWALZPQHPAZFO-UHFFFAOYSA-N,SB-210313,Q16539,MAPK14,p38-alpha,2.98
Cc1ccc(cc1-c1ccc2[nH]ncc2c1)C(=O)NC1CC1,HZKJOEBOIMSMJP-UHFFFAOYSA-N,GW820759X,Q16539,MAPK14,p38-alpha,2.99
CN1CCC(CC1)n1cnc(c1-c1ccnc(NCCO)n1)-c1ccc(F)cc1,XKOQKLFWCLUSAU-UHFFFAOYSA-N,SB-226879,Q16539,MAPK14,p38-alpha,3
COc1ccc(cc1)-c1nn2ncccc2c1-c1ccnc(Nc2cccc(c2)C(F)(F)F)n1,BWBYKJFTJZIURF-UHFFFAOYSA-N,GW827105X,Q16539,MAPK14,p38-alpha,3.01
Cc1nnc(o1)-c1ccc(C)c(c1)-c1ccc(cc1)C(=O)NCc1ccc(Cl)cc1,PGONBMCLDBGMIY-UHFFFAOYSA-N,GW708893X,Q16539,MAPK14,p38-alpha,3.02
Cc1ccc(cc1-c1ccc(cc1)C(=O)NCC1CC1)C(=O)NC1CCC1,RPNGVORGBYYVHT-UHFFFAOYSA-N,GW782912X,Q16539,MAPK14,p38-alpha,3.03
CN1CCC(CC1)n1cnc(c1-c1ccnc(N)n1)-c1ccc(F)cc1,SVRAGOOKTLUHES-UHFFFAOYSA-N,SB-220455,Q16539,MAPK14,p38-alpha,3.04
O=S(C2=CC=CC1=CN=CC=C12)(NCCNC/C=C/C3=CC=C(Br)C=C3)=O,ZKZXNDJNWUTGDK-NSCUHMNNSA-N,H89,Q16539,MAPK14,p38-alpha,3.05
C[C@H]1COCCN1C2=NC(=NC3=C2C=CC(=N3)C4=CC(=CC=C4)C(=O)NC)N5CCOC[C@@H]5C,JUSFANSTBFGBAF-IRXDYDNUSA-N,AZD2014,Q16539,MAPK14,p38-alpha,3.06
O=C(C(N1C)=CC2=C1C(OC3=CC(C(N4CCN(C)CC4)=O)=NC=C3)=CC=C2)NC5=CC(C(C)(C)C)=CC(NS(=O)(C)=O)=C5OC,MAABOYWIPSQEMY-UHFFFAOYSA-N,BI00601359,Q16539,MAPK14,p38-alpha,3.07
Cc1ccc2c(c(nn2n1)-c1ccc(cc1)C(F)(F)F)-c1ccnc(Nc2ccc3OCCOc3c2)n1,JLEUOCWABWBHQW-UHFFFAOYSA-N,GW832467X,Q16539,MAPK14,p38-alpha,3.08
Nc1nccc(n1)-c1c(nn2cc(ccc12)C(F)(F)F)-c1ccc(F)cc1,JQUJTXXKVLSAEV-UHFFFAOYSA-N,GW568326X,Q16539,MAPK14,p38-alpha,3.09
CN1CCC(CC1)n1cnc(c1-c1ccnc(N)n1)-c1ccc(F)cc1,SVRAGOOKTLUHES-UHFFFAOYSA-N,SB-220455,P45984,MAPK9,JNK2,3.1
O=C(C(N1C)=CC2=C1C(OC3=CC(C(N4CCN(C)CC4)=O)=NC=C3)=CC=C2)NC5=CC(C(C)(C)C)=CC(NS(=O)(C)=O)=C5OC,MAABOYWIPSQEMY-UHFFFAOYSA-N,BI00601359,P45984,MAPK9,JNK2,3.11
S(=O)(=O)(N1CCC(CC1)Oc3c(cc2ncnc(c2c3)N[C@H](C)c4ccccc4)OC)C,HNCQUOKLTSGCPT-MRXNPFEDSA-N,BI00010951,Q9P0L2,MARK1,MARK1,3.12
NS(=O)(=O)c1ccc(Nc2cc(n[nH]2)-c2cccc(O)c2)cc1,PVLOKYREDKFWTF-UHFFFAOYSA-N,GW831090X,Q9P0L2,MARK1,MARK1,3.13
S(=O)(=O)(N1CCC(CC1)Oc3c(cc2ncnc(c2c3)N[C@H](C)c4ccccc4)OC)C,HNCQUOKLTSGCPT-MRXNPFEDSA-N,BI00010951,Q96L34,MARK4,MARK4,3.14
ClC1=CC(NC2=NC=CC(NCCCN3CCOCC3)=N2)=CC=C1,XEEXZIORUKKBII-UHFFFAOYSA-N,DI00625271,P42679,MATK,CTK,3.15
COc1ccc(cc1C(N)=O)-c1ccncc1,QEYUQXQAUUYZDC-UHFFFAOYSA-N,GSK605714A,Q14680,MELK,MELK,3.16
COC(=O)Nc1nc2ccc(cc2[nH]1)S(=O)(=O)c1ccc(NC(=O)Nc2cc(ccc2F)C(F)(F)F)cc1,RJOBEDHRAOYOQX-UHFFFAOYSA-N,GW680908A,Q14680,MELK,MELK,3.17
CS(=O)(=O)Nc1cccc(c1)-c1ccc2c(NC(=O)C3CC3)n[nH]c2c1,FUQAHBLEGDXXKS-UHFFFAOYSA-N,SB-742864,Q14680,MELK,MELK,3.18
CNC(=O)c1cncc(\C=C\c2ccccc2Cl)c1,HVTWLTGGYKBXHX-VOTSOKGWSA-N,GW445017X,Q14680,MELK,MELK,3.19
S(=O)(=O)(N1CCC(CC1)Oc3c(cc2ncnc(c2c3)N[C@H](C)c4ccccc4)OC)C,HNCQUOKLTSGCPT-MRXNPFEDSA-N,BI00010951,Q12866,MERTK,MERTK,3.2
Fc1ccc(cc1)-c1ncn(CCCN2CCOCC2)c1-c1ccncc1,ANWALZPQHPAZFO-UHFFFAOYSA-N,SB-210313,Q8N4C8,MINK1,MINK,3.21
NS(=O)(=O)c1cccc(c1)-c1cc2ccncc2cc1OCc1ccccc1,WFQYBHCSVMMJEF-UHFFFAOYSA-N,GSK980961A,Q9HBH9,MKNK2,MKNK2,3.22
O=C(C1=CC=C(C=C1)S(=O)(NC2=CC=CC=C2)=O)N(CC)CC3=CC=CC=C3,HSFGCMJKYHQRQQ-UHFFFAOYSA-N,TH251,Q04912,MST1R,MST1R,3.23
Clc1c(cccc1)-n2nc(c4c2-c3sc(nc3CC4)NC(=O)NCc5[nH]ccn5)-c6cnccc6,JXKHIJZYDXHNSW-UHFFFAOYSA-N,BI00048423,P42345,MTOR,MTOR,3.24
s1c(nc3c1-c2n(nc(c2C(C3)C)-c4cnc(cc4)NCC)-c5c(cccc5)C)NC(=O)OC,FQXPXUGHKSKDIL-UHFFFAOYSA-N,BI00857480,P42345,MTOR,MTOR,3.25
C[C@H]1COCCN1C2=NC(=NC3=C2C=CC(=N3)C4=CC(=CC=C4)C(=O)NC)N5CCOC[C@@H]5C,JUSFANSTBFGBAF-IRXDYDNUSA-N,AZD2014,P42345,MTOR,MTOR,3.26
CC(N1CCN(C2=NC=NC(CC)=C2C#CC3=CC=C(N)N=C3)CC1)=O,GKROGJIGFRYBLZ-UHFFFAOYSA-N,BI00862142,P42345,MTOR,MTOR,3.27
CN1CCC(NC(C2=CC(OC)=C(NC3=NC=C(N(C(C(F)(F)CN4C5CCCC5)=O)C)C4=N3)C=C2F)=O)CC1,GWRSATNRNFYMDI-UHFFFAOYSA-N,TAK960,Q15746,MYLK,MYLK,3.28
O=S(NC1=CC(C2=CC=C(C(NC(C3CC3)=O)=NN4)C4=C2)=CC=C1)(N(CC)CC)=O,UCBIQZUJJSVQHL-UHFFFAOYSA-N,UNC-AA-1-0013,Q9H1R3,MYLK2,MYLK2,3.29
O=C(C1CC1)NC2=NNC3=C2C=CC(C4=CC=CC(NS(N(C)CC)(=O)=O)=C4)=C3,NKCMEGZSWOVKIL-UHFFFAOYSA-N,UNC-AA-1-0017,Q9H1R3,MYLK2,MYLK2,3.3
O=C(C1CC1)NC2=NNC3=C2C=CC(C4=CC=CC(NS(CC(C)C)(=O)=O)=C4)=C3,SENOTLIGBLGKGP-UHFFFAOYSA-N,UNC-AA-1-0022,Q9H1R3,MYLK2,MYLK2,3.31
CC(C)OC(N(CC1)CCN1C2=NC3=C(C4=CN=C(C(F)(F)F)C=C4)C=NN3C=C2)=O,NDDGTHBFQLPYJL-UHFFFAOYSA-N,NK-92,Q86YV6,MYLK4,MYLK4,3.32
C[C@H]1COCCN1C2=NC(=NC3=C2C=CC(=N3)C4=CC(=CC=C4)C(=O)NC)N5CCOC[C@@H]5C,JUSFANSTBFGBAF-IRXDYDNUSA-N,AZD2014,Q86YV6,MYLK4,MYLK4,3.33
Clc1c(cccc1)-n2nc(c4c2-c3sc(nc3CC4)NC(=O)NCc5[nH]ccn5)-c6cnccc6,JXKHIJZYDXHNSW-UHFFFAOYSA-N,BI00048423,Q8NEV4,MYO3A,MYO3A,3.34
FC(F)(F)c1c(ccc(c1)NC(=O)c2cc(c(cc2)C)-c3noc(n3)-c4cnccc4)Cl,LQZIUMJCFXSPTG-UHFFFAOYSA-N,BI00831861,Q96PY6,NEK1,NEK1,3.35
Clc1c(cc(cc1)C#CC2(CCN(CC2)C)OC)-c3nc-4c(cn3)CCc5nc(sc5-4)NC(=O)C,SKJMTJUJMPIXBJ-UHFFFAOYSA-N,BI00047875,P51955,NEK2,NEK2,3.36
Clc1c(cc(cc1)C#CC2(CCN(CC2)C)OC)-c3nc-4c(cn3)CCc5nc(sc5-4)NC(=O)C,SKJMTJUJMPIXBJ-UHFFFAOYSA-N,BI00047875,P51956,NEK3,NEK3,3.37
FC(F)(F)c1c(ccc(c1)NC(=O)c2cc(c(cc2)C)-c3noc(n3)-c4cnccc4)Cl,LQZIUMJCFXSPTG-UHFFFAOYSA-N,BI00831861,P51956,NEK3,NEK3,3.38
Clc1c(cc(cc1)C#CC2(CCN(CC2)C)OC)-c3nc-4c(cn3)CCc5nc(sc5-4)NC(=O)C,SKJMTJUJMPIXBJ-UHFFFAOYSA-N,BI00047875,Q6P3R8,NEK5,NEK5,3.39
CCn1c(nc2ccncc12)-c1nonc1N,XDQUYQKTDSDQRL-UHFFFAOYSA-N,SB-738561,Q6P3R8,NEK5,NEK5,3.4
O=C(Nc1n[nH]c2nc(ccc12)-c1ccco1)C1CC1,FJINJXZTEKDFRA-UHFFFAOYSA-N,SB-743899,Q8TDX7,NEK7,NEK7,3.41
O=C(Nc1n[nH]c2nc(ccc12)-c1ccco1)C1CC1,FJINJXZTEKDFRA-UHFFFAOYSA-N,SB-743899,Q8TD19,NEK9,NEK9,3.42
CN1CCC(CC1)n1cnc(c1-c1ccnc(NCCO)n1)-c1ccc(F)cc1,XKOQKLFWCLUSAU-UHFFFAOYSA-N,SB-226879,Q9UBE8,NLK,NLK,3.43
COc1ccc(cc1)-c1nn2ncccc2c1-c1ccnc(Nc2cccc(c2)C(F)(F)F)n1,BWBYKJFTJZIURF-UHFFFAOYSA-N,GW827105X,Q9UBE8,NLK,NLK,3.44
CN1CCC(CC1)n1cnc(c1-c1ccnc(N)n1)-c1ccc(F)cc1,SVRAGOOKTLUHES-UHFFFAOYSA-N,SB-220455,Q9UBE8,NLK,NLK,3.45
O[C@H]([C@H](O)[C@@H](CO)O3)[C@@H]3N1C2=C(C(N)=NC=N2)C(I)=C1,WHSIXKUPQCKWBY-IOSLPCCCSA-N,5-iodotubercidin,Q16620,NTRK2,TRKB,3.46
O=S(C2=CC=CC1=CN=CC=C12)(NCCNC/C=C/C3=CC=C(Br)C=C3)=O,ZKZXNDJNWUTGDK-NSCUHMNNSA-N,H89,Q9H093,NUAK2,SNARK,3.47
O[C@H]([C@H](O)[C@@H](CO)O3)[C@@H]3N1C2=C(C(N)=NC=N2)C(I)=C1,WHSIXKUPQCKWBY-IOSLPCCCSA-N,5-iodotubercidin,O95747,OXSR1,OSR1,3.48
Fc1ccc(cc1)-c1cc(ccn1)-c1c[nH]nc1-c1ccccn1,HZJPBOLTWHOKEL-UHFFFAOYSA-N,GW680975X,O75914,PAK3,PAK3,3.49
O=C(NCC1=CC=CC=C1)C2=CC=C(S(=O)(NCC3=CC=CC=C3)=O)C=C2,QDGVJMITKNOVTP-UHFFFAOYSA-N,TH263,O75914,PAK3,PAK3,3.5
s1c(nc3c1-c2n(nc(c2CC3)-c4cnccc4)-c5ccc(cc5)C6(CC6)N(C)C)NC(=O)OC,GGDDUQGGATVHON-UHFFFAOYSA-N,BI00822448,Q9NQU5,PAK6,PAK6,3.51
CC(C)c1ccc2\C(=N/Nc3ccc(cc3)S(N)(=O)=O)C(=O)Nc2c1,KBESLZOGXNTNCJ-UHFFFAOYSA-N,GW300653X,P16234,PDGFRA,PDGFRA,3.52
N(c1ncc(o1)-c1ccccc1)c1ccccc1,HFICAVMUTYFODG-UHFFFAOYSA-N,GW549390X,P16234,PDGFRA,PDGFRA,3.53
NS(=O)(=O)c1ccc(Nc2cc(n[nH]2)-c2cccc(O)c2)cc1,PVLOKYREDKFWTF-UHFFFAOYSA-N,GW831090X,P16234,PDGFRA,PDGFRA,3.54
N#Cc1cccc(Nc2ncc(o2)-c2ccccc2)c1,VZMXZHOJAGFSNF-UHFFFAOYSA-N,GW627834A,P16234,PDGFRA,PDGFRA,3.55
Clc1c(cccc1)-n2nc(c4c2-c3sc(nc3CC4)NC(=O)NCc5[nH]ccn5)-c6cnccc6,JXKHIJZYDXHNSW-UHFFFAOYSA-N,BI00048423,P09619,PDGFRB,PDGFRB,3.56
FC(F)(F)c1c(ccc(c1)NC(=O)c2cc(c(cc2)C)-c3noc(n3)-c4cnccc4)Cl,LQZIUMJCFXSPTG-UHFFFAOYSA-N,BI00831861,P09619,PDGFRB,PDGFRB,3.57
N(c1ncc(o1)-c1ccccc1)c1ccccc1,HFICAVMUTYFODG-UHFFFAOYSA-N,GW549390X,P09619,PDGFRB,PDGFRB,3.58
COc1ccc(cc1)-c1coc2ncnc(N)c12,QGHMHWPBFHABJY-UHFFFAOYSA-N,GW642125X,P09619,PDGFRB,PDGFRB,3.59
NS(=O)(=O)c1ccc(Nc2cc(n[nH]2)-c2cccc(O)c2)cc1,PVLOKYREDKFWTF-UHFFFAOYSA-N,GW831090X,P09619,PDGFRB,PDGFRB,3.6
N#Cc1cccc(Nc2ncc(o2)-c2ccccc2)c1,VZMXZHOJAGFSNF-UHFFFAOYSA-N,GW627834A,P09619,PDGFRB,PDGFRB,3.61
N(c1ncc(o1)-c1ccccc1)c1ccc(Oc2ccccc2)cc1,MKASXHWBPFPYNF-UHFFFAOYSA-N,GW641155A,P09619,PDGFRB,PDGFRB,3.62
CC(C)c1ccc2\C(=N/Nc3ccc(cc3)S(N)(=O)=O)C(=O)Nc2c1,KBESLZOGXNTNCJ-UHFFFAOYSA-N,GW300653X,P15735,PHKG2,PHKG2,3.63
O=C(C1CC1)NC2=NNC3=C2C=CC(C4=CC=CC(NS(N(C)CC)(=O)=O)=C4)=C3,NKCMEGZSWOVKIL-UHFFFAOYSA-N,UNC-AA-1-0017,P15735,PHKG2,PHKG2,3.64
Clc1c(cccc1)-n2nc(c4c2-c3sc(nc3CC4)NC(=O)NCc5[nH]ccn5)-c6cnccc6,JXKHIJZYDXHNSW-UHFFFAOYSA-N,BI00048423,Q9UBF8,PI4KB,PIK4CB,3.65
s1c(nc3c1-c2n(nc(c2CC3)-c4cnccc4)-c5ccc(cc5)C6(CC6)N(C)C)NC(=O)OC,GGDDUQGGATVHON-UHFFFAOYSA-N,BI00822448,Q9UBF8,PI4KB,PIK4CB,3.66
s1c(nc3c1-c2n(nc(c2C(C3)C)-c4cnc(cc4)NCC)-c5c(cccc5)C)NC(=O)OC,FQXPXUGHKSKDIL-UHFFFAOYSA-N,BI00857480,Q9UBF8,PI4KB,PIK4CB,3.67
CC(C)OC(N(CC1)CCN1C2=NC3=C(C4=CN=C(C(F)(F)F)C=C4)C=NN3C=C2)=O,NDDGTHBFQLPYJL-UHFFFAOYSA-N,NK-92,Q9UBF8,PI4KB,PIK4CB,3.68
Clc1c(cc(cc1)C#CC2(CCN(CC2)C)OC)-c3nc-4c(cn3)CCc5nc(sc5-4)NC(=O)C,SKJMTJUJMPIXBJ-UHFFFAOYSA-N,BI00047875,O00750,PIK3C2B,PIK3C2B,3.69
Clc1c(cccc1)-n2nc(c4c2-c3sc(nc3CC4)NC(=O)NCc5[nH]ccn5)-c6cnccc6,JXKHIJZYDXHNSW-UHFFFAOYSA-N,BI00048423,O00750,PIK3C2B,PIK3C2B,3.7
s1c(nc3c1-c2n(nc(c2CC3)-c4cnccc4)-c5ccc(cc5)C6(CC6)N(C)C)NC(=O)OC,GGDDUQGGATVHON-UHFFFAOYSA-N,BI00822448,O00750,PIK3C2B,PIK3C2B,3.71
NS(=O)(=O)c1cccc(c1)-c1cc2ccncc2cc1OCc1ccccc1,WFQYBHCSVMMJEF-UHFFFAOYSA-N,GSK980961A,O00750,PIK3C2B,PIK3C2B,3.72
Clc1c(cc(cc1)C#CC2(CCN(CC2)C)OC)-c3nc-4c(cn3)CCc5nc(sc5-4)NC(=O)C,SKJMTJUJMPIXBJ-UHFFFAOYSA-N,BI00047875,O75747,PIK3C2G,PIK3C2G,3.73
Clc1c(cccc1)-n2nc(c4c2-c3sc(nc3CC4)NC(=O)NCc5[nH]ccn5)-c6cnccc6,JXKHIJZYDXHNSW-UHFFFAOYSA-N,BI00048423,O75747,PIK3C2G,PIK3C2G,3.74
s1c(nc3c1-c2n(nc(c2CC3)-c4cnccc4)-c5ccc(cc5)C6(CC6)N(C)C)NC(=O)OC,GGDDUQGGATVHON-UHFFFAOYSA-N,BI00822448,O75747,PIK3C2G,PIK3C2G,3.75
s1c(nc3c1-c2n(nc(c2C(C3)C)-c4cnc(cc4)NCC)-c5c(cccc5)C)NC(=O)OC,FQXPXUGHKSKDIL-UHFFFAOYSA-N,BI00857480,O75747,PIK3C2G,PIK3C2G,3.76
CC(N1CCN(C2=NC=NC(CC)=C2C#CC3=CC=C(N)N=C3)CC1)=O,GKROGJIGFRYBLZ-UHFFFAOYSA-N,BI00862142,O75747,PIK3C2G,PIK3C2G,3.77
O=C(N(C)C)/C(C#N)=C/C(O1)=CC=C1C2=NC3=CN=C(NC=C4)C4=C3N2C5CCCCC5,GJMZWYLOARVASY-NTCAYCPXSA-N,FM-381,O75747,PIK3C2G,PIK3C2G,3.78
Clc1c(cccc1)-n2nc(c4c2-c3sc(nc3CC4)NC(=O)NCc5[nH]ccn5)-c6cnccc6,JXKHIJZYDXHNSW-UHFFFAOYSA-N,BI00048423,Q8NEB9,PIK3C3,VPS34,3.79
CC(N1CCN(C2=NC=NC(CC)=C2C#CC3=CC=C(N)N=C3)CC1)=O,GKROGJIGFRYBLZ-UHFFFAOYSA-N,BI00862142,Q8NEB9,PIK3C3,VPS34,3.8
Clc1c(cc(cc1)C#CC2(CCN(CC2)C)OC)-c3nc-4c(cn3)CCc5nc(sc5-4)NC(=O)C,SKJMTJUJMPIXBJ-UHFFFAOYSA-N,BI00047875,P42336,PIK3CA,PIK3CA,3.81
Clc1c(cccc1)-n2nc(c4c2-c3sc(nc3CC4)NC(=O)NCc5[nH]ccn5)-c6cnccc6,JXKHIJZYDXHNSW-UHFFFAOYSA-N,BI00048423,P42336,PIK3CA,PIK3CA,3.82
s1c(nc3c1-c2n(nc(c2CC3)-c4cnccc4)-c5ccc(cc5)C6(CC6)N(C)C)NC(=O)OC,GGDDUQGGATVHON-UHFFFAOYSA-N,BI00822448,P42336,PIK3CA,PIK3CA,3.83
s1c(nc3c1-c2n(nc(c2C(C3)C)-c4cnc(cc4)NCC)-c5c(cccc5)C)NC(=O)OC,FQXPXUGHKSKDIL-UHFFFAOYSA-N,BI00857480,P42336,PIK3CA,PIK3CA,3.84
NS(=O)(=O)c1cccc(c1)-c1cc2ccncc2cc1OCc1ccccc1,WFQYBHCSVMMJEF-UHFFFAOYSA-N,GSK980961A,P42336,PIK3CA,PIK3CA,3.85
C[C@H]1COCCN1C2=NC(=NC3=C2C=CC(=N3)C4=CC(=CC=C4)C(=O)NC)N5CCOC[C@@H]5C,JUSFANSTBFGBAF-IRXDYDNUSA-N,AZD2014,P42336,PIK3CA,PIK3CA,3.86
CC(N1CCN(C2=NC=NC(CC)=C2C#CC3=CC=C(N)N=C3)CC1)=O,GKROGJIGFRYBLZ-UHFFFAOYSA-N,BI00862142,P42336,PIK3CA,PIK3CA,3.87
Clc1c(cc(cc1)C#CC2(CCN(CC2)C)OC)-c3nc-4c(cn3)CCc5nc(sc5-4)NC(=O)C,SKJMTJUJMPIXBJ-UHFFFAOYSA-N,BI00047875,P42338,PIK3CB,PIK3CB,3.88
Clc1c(cccc1)-n2nc(c4c2-c3sc(nc3CC4)NC(=O)NCc5[nH]ccn5)-c6cnccc6,JXKHIJZYDXHNSW-UHFFFAOYSA-N,BI00048423,P42338,PIK3CB,PIK3CB,3.89
s1c(nc3c1-c2n(nc(c2CC3)-c4cnccc4)-c5ccc(cc5)C6(CC6)N(C)C)NC(=O)OC,GGDDUQGGATVHON-UHFFFAOYSA-N,BI00822448,P42338,PIK3CB,PIK3CB,3.9
CC(N1CCN(C2=NC=NC(CC)=C2C#CC3=CC=C(N)N=C3)CC1)=O,GKROGJIGFRYBLZ-UHFFFAOYSA-N,BI00862142,P42338,PIK3CB,PIK3CB,3.91
Clc1c(cc(cc1)C#CC2(CCN(CC2)C)OC)-c3nc-4c(cn3)CCc5nc(sc5-4)NC(=O)C,SKJMTJUJMPIXBJ-UHFFFAOYSA-N,BI00047875,O00329,PIK3CD,PIK3CD,3.92
s1c(nc3c1-c2n(nc(c2CC3)-c4cnccc4)-c5ccc(cc5)C6(CC6)N(C)C)NC(=O)OC,GGDDUQGGATVHON-UHFFFAOYSA-N,BI00822448,O00329,PIK3CD,PIK3CD,3.93
COc1ccc(cc1)-c1nn2ncccc2c1-c1ccnc(Nc2cccc(c2)C(F)(F)F)n1,BWBYKJFTJZIURF-UHFFFAOYSA-N,GW827105X,O00329,PIK3CD,PIK3CD,3.94
CNC(=O)c1cncc(\C=C\c2ccccc2Cl)c1,HVTWLTGGYKBXHX-VOTSOKGWSA-N,GW445017X,O00329,PIK3CD,PIK3CD,3.95
CC(N1CCN(C2=NC=NC(CC)=C2C#CC3=CC=C(N)N=C3)CC1)=O,GKROGJIGFRYBLZ-UHFFFAOYSA-N,BI00862142,O00329,PIK3CD,PIK3CD,3.96
Clc1c(cc(cc1)C#CC2(CCN(CC2)C)OC)-c3nc-4c(cn3)CCc5nc(sc5-4)NC(=O)C,SKJMTJUJMPIXBJ-UHFFFAOYSA-N,BI00047875,P48736,PIK3CG,PIK3CG,3.97
Clc1c(cccc1)-n2nc(c4c2-c3sc(nc3CC4)NC(=O)NCc5[nH]ccn5)-c6cnccc6,JXKHIJZYDXHNSW-UHFFFAOYSA-N,BI00048423,P48736,PIK3CG,PIK3CG,3.98
s1c(nc3c1-c2n(nc(c2CC3)-c4cnccc4)-c5ccc(cc5)C6(CC6)N(C)C)NC(=O)OC,GGDDUQGGATVHON-UHFFFAOYSA-N,BI00822448,P48736,PIK3CG,PIK3CG,3.99
s1c(nc3c1-c2n(nc(c2C(C3)C)-c4cnc(cc4)NCC)-c5c(cccc5)C)NC(=O)OC,FQXPXUGHKSKDIL-UHFFFAOYSA-N,BI00857480,P48736,PIK3CG,PIK3CG,4
NS(=O)(=O)c1cccc(c1)-c1cc2ccncc2cc1OCc1ccccc1,WFQYBHCSVMMJEF-UHFFFAOYSA-N,GSK980961A,P48736,PIK3CG,PIK3CG,4.01
CC(N1CCN(C2=NC=NC(CC)=C2C#CC3=CC=C(N)N=C3)CC1)=O,GKROGJIGFRYBLZ-UHFFFAOYSA-N,BI00862142,P48736,PIK3CG,PIK3CG,4.02
s1c(nc3c1-c2n(nc(c2CC3)-c4cnccc4)-c5ccc(cc5)C6(CC6)N(C)C)NC(=O)OC,GGDDUQGGATVHON-UHFFFAOYSA-N,BI00822448,Q9Y2I7,PIKFYVE,PIKFYVE,4.03
s1c(nc3c1-c2n(nc(c2C(C3)C)-c4cnc(cc4)NCC)-c5c(cccc5)C)NC(=O)OC,FQXPXUGHKSKDIL-UHFFFAOYSA-N,BI00857480,Q9Y2I7,PIKFYVE,PIKFYVE,4.04
s1c(nc3c1-c2n(nc(c2CC3)-c4cnccc4)-c5ccc(cc5)C6(CC6)N(C)C)NC(=O)OC,GGDDUQGGATVHON-UHFFFAOYSA-N,BI00822448,P11309,PIM1,PIM1,4.05
CN1CCC(CNC(C=C2)=NN3C2=NC=C3C4=CC=CC(OC(F)(F)F)=C4)CC1,MHXGEROHKGDZGO-UHFFFAOYSA-N,SGI-1776,Q9P1W9,PIM2,PIM2,4.06
CN1CCC(CNC(C=C2)=NN3C2=NC=C3C4=CC=CC(OC(F)(F)F)=C4)CC1,MHXGEROHKGDZGO-UHFFFAOYSA-N,SGI-1776,Q86V86,PIM3,PIM3,4.07
O=C(NC=C1)C2=C1C(C(C(C)C)=NO3)=C3C4=C2C=C(C)C=C4,RHCWRLPKOJKBJP-UHFFFAOYSA-N,MO 286/LN 989,P78356,PIP4K2B,PIP5K2B,4.08
Clc1c(cccc1)-n2nc(c4c2-c3sc(nc3CC4)NC(=O)NCc5[nH]ccn5)-c6cnccc6,JXKHIJZYDXHNSW-UHFFFAOYSA-N,BI00048423,Q8TBX8,PIP4K2C,PIP5K2C,4.09
s1c(nc3c1-c2n(nc(c2CC3)-c4cnccc4)-c5ccc(cc5)C6(CC6)N(C)C)NC(=O)OC,GGDDUQGGATVHON-UHFFFAOYSA-N,BI00822448,Q8TBX8,PIP4K2C,PIP5K2C,4.1
CN1CCC(CC1)n1cnc(c1-c1ccnc(NCCO)n1)-c1ccc(F)cc1,XKOQKLFWCLUSAU-UHFFFAOYSA-N,SB-226879,Q8TBX8,PIP4K2C,PIP5K2C,4.11
CN1CCC(CC1)n1cnc(c1-c1ccnc(N)n1)-c1ccc(F)cc1,SVRAGOOKTLUHES-UHFFFAOYSA-N,SB-220455,Q8TBX8,PIP4K2C,PIP5K2C,4.12
CN1CCC(NC(C2=CC(OC)=C(NC3=NC=C(N(C(C(F)(F)CN4C5CCCC5)=O)C)C4=N3)C=C2F)=O)CC1,GWRSATNRNFYMDI-UHFFFAOYSA-N,TAK960,Q8TBX8,PIP4K2C,PIP5K2C,4.13
CS(=O)(=O)Nc1cccc(c1)-c1ccc2c(NC(=O)C3CC3)n[nH]c2c1,FUQAHBLEGDXXKS-UHFFFAOYSA-N,SB-742864,Q99755,PIP5K1A,PIP5K1A,4.14
Clc1c(cccc1)-n2nc(c4c2-c3sc(nc3CC4)NC(=O)NCc5[nH]ccn5)-c6cnccc6,JXKHIJZYDXHNSW-UHFFFAOYSA-N,BI00048423,O60331,PIP5K1C,PIP5K1C,4.15
NS(=O)(=O)c1cccc(c1)-c1ccc2c(NC(=O)C3CC3)n[nH]c2c1,AXXSVTAXFAAJTE-UHFFFAOYSA-N,SB-741905,O60331,PIP5K1C,PIP5K1C,4.16
CS(=O)(=O)Nc1cccc(c1)-c1ccc2c(NC(=O)C3CC3)n[nH]c2c1,FUQAHBLEGDXXKS-UHFFFAOYSA-N,SB-742864,O60331,PIP5K1C,PIP5K1C,4.17
NS(=O)(=O)c1ccc(Nc2cc(n[nH]2)-c2cccc(O)c2)cc1,PVLOKYREDKFWTF-UHFFFAOYSA-N,GW831090X,O60331,PIP5K1C,PIP5K1C,4.18
N#Cc1cccc(Nc2ncc(o2)-c2ccccc2)c1,VZMXZHOJAGFSNF-UHFFFAOYSA-N,GW627834A,O60331,PIP5K1C,PIP5K1C,4.19
O=C(OC)C1=CC=C(C2=C(C(N)=C(C(N)=O)S3)C3=NC(N4CCC(N)CC4)=C2)C=C1,LBVMBECAHIBYAO-UHFFFAOYSA-N,BI00604549,O60331,PIP5K1C,PIP5K1C,4.2
O=S(NC1=CC(C2=CC=C(C(NC(C3CC3)=O)=NN4)C4=C2)=CC=C1)(N(CC)CC)=O,UCBIQZUJJSVQHL-UHFFFAOYSA-N,UNC-AA-1-0013,O60331,PIP5K1C,PIP5K1C,4.21
O=C(C1CC1)NC2=NNC3=C2C=CC(C4=CC=CC(NS(N(C)CC)(=O)=O)=C4)=C3,NKCMEGZSWOVKIL-UHFFFAOYSA-N,UNC-AA-1-0017,O60331,PIP5K1C,PIP5K1C,4.22
O=C(C1CC1)NC2=NNC3=C2C=CC(C4=CC=CC(NS(CC(C)C)(=O)=O)=C4)=C3,SENOTLIGBLGKGP-UHFFFAOYSA-N,UNC-AA-1-0022,O60331,PIP5K1C,PIP5K1C,4.23
O=S(C2=CC=CC1=CN=CC=C12)(NCCNC/C=C/C3=CC=C(Br)C=C3)=O,ZKZXNDJNWUTGDK-NSCUHMNNSA-N,H89,Q16512,PKN1,PKN1,4.24
Fc1ccc(cc1)-c1c(nc2SCCn12)-c1ccncc1,GLHFDXWSDZWRNN-UHFFFAOYSA-N,SKF-86055,P53350,PLK1,PLK1,4.25
NC(=O)c1sc(cc1OCc1ccccc1Br)-n1cnc2ccccc12,BWZJWBWWGBNPLH-UHFFFAOYSA-N,GSK1023156A,P53350,PLK1,PLK1,4.26
COc1cc2ncn(-c3cc(OCc4ccccc4C(F)(F)F)c(s3)C(C)=O)c2cc1OC,JFNQBWFEGWHHDQ-UHFFFAOYSA-N,GSK1030059A,P53350,PLK1,PLK1,4.27
CN1CCC(NC(C2=CC(OC)=C(NC3=NC=C(N(C(C(F)(F)CN4C5CCCC5)=O)C)C4=N3)C=C2F)=O)CC1,GWRSATNRNFYMDI-UHFFFAOYSA-N,TAK960,P53350,PLK1,PLK1,4.28
NC(=O)c1sc(cc1OCc1ccccc1Br)-n1cnc2ccccc12,BWZJWBWWGBNPLH-UHFFFAOYSA-N,GSK1023156A,Q9NYY3,PLK2,PLK2,4.29
COc1cc2ncn(-c3cc(OCc4ccccc4C(F)(F)F)c(s3)C(C)=O)c2cc1OC,JFNQBWFEGWHHDQ-UHFFFAOYSA-N,GSK1030059A,Q9NYY3,PLK2,PLK2,4.3
CN1CCC(NC(C2=CC(OC)=C(NC3=NC=C(N(C(C(F)(F)CN4C5CCCC5)=O)C)C4=N3)C=C2F)=O)CC1,GWRSATNRNFYMDI-UHFFFAOYSA-N,TAK960,Q9NYY3,PLK2,PLK2,4.31
NC(=O)c1sc(cc1OCc1ccccc1Br)-n1cnc2ccccc12,BWZJWBWWGBNPLH-UHFFFAOYSA-N,GSK1023156A,Q9H4B4,PLK3,PLK3,4.32
CN1CCC(NC(C2=CC(OC)=C(NC3=NC=C(N(C(C(F)(F)CN4C5CCCC5)=O)C)C4=N3)C=C2F)=O)CC1,GWRSATNRNFYMDI-UHFFFAOYSA-N,TAK960,Q9H4B4,PLK3,PLK3,4.33
Fc1c(c(ccc1NS(=O)(=O)CCC)F)-n2nnc(c2)-c3cncc(c3)OC,PBZQXUCHRRZRTF-UHFFFAOYSA-N,BI00865461,Q13131,PRKAA1,AMPK-alpha1,4.34
O=S(C2=CC=CC1=CN=CC=C12)(NCCNC/C=C/C3=CC=C(Br)C=C3)=O,ZKZXNDJNWUTGDK-NSCUHMNNSA-N,H89,P22694,PRKACB,PKAC-beta,4.35
O=S(C2=CC=CC1=CN=CC=C12)(NCCNC/C=C/C3=CC=C(Br)C=C3)=O,ZKZXNDJNWUTGDK-NSCUHMNNSA-N,H89,Q05655,PRKCD,PRKCD,4.36
O=S(C2=CC=CC1=CN=CC=C12)(NCCNC/C=C/C3=CC=C(Br)C=C3)=O,ZKZXNDJNWUTGDK-NSCUHMNNSA-N,H89,P24723,PRKCH,PRKCH,4.37
O=S(NC1=CC(C2=CC=C(C(NC(C3CC3)=O)=NN4)C4=C2)=CC=C1)(N(CC)CC)=O,UCBIQZUJJSVQHL-UHFFFAOYSA-N,UNC-AA-1-0013,P24723,PRKCH,PRKCH,4.38
O=S(C2=CC=CC1=CN=CC=C12)(NCCNC/C=C/C3=CC=C(Br)C=C3)=O,ZKZXNDJNWUTGDK-NSCUHMNNSA-N,H89,Q13976,PRKG1,PRKG1,4.39
O=S(C2=CC=CC1=CN=CC=C12)(NCCNC/C=C/C3=CC=C(Br)C=C3)=O,ZKZXNDJNWUTGDK-NSCUHMNNSA-N,H89,P51817,PRKX,PRKX,4.4
CC(C)OC(N(CC1)CCN1C2=NC3=C(C4=CN=C(C(F)(F)F)C=C4)C=NN3C=C2)=O,NDDGTHBFQLPYJL-UHFFFAOYSA-N,NK-92,Q13523,PRPF4B,PRP4,4.41
CN1CCC(NC(C2=CC(OC)=C(NC3=NC=C(N(C(C(F)(F)CN4C5CCCC5)=O)C)C4=N3)C=C2F)=O)CC1,GWRSATNRNFYMDI-UHFFFAOYSA-N,TAK960,Q05397,PTK2,FAK,4.42
S(=O)(=O)(N1CCC(CC1)Oc3c(cc2ncnc(c2c3)N[C@H](C)c4ccccc4)OC)C,HNCQUOKLTSGCPT-MRXNPFEDSA-N,BI00010951,Q14289,PTK2B,PYK2,4.43
Fc1c(c(ccc1NS(=O)(=O)CCC)F)-n2nnc(c2)-c3cncc(c3)OC,PBZQXUCHRRZRTF-UHFFFAOYSA-N,BI00865461,Q13882,PTK6,BRK,4.44
COc1ccc2ncnc(Nc3ccc(OCc4ccccc4)cc3)c2c1,RARTTYYZTRKYDS-UHFFFAOYSA-N,GI261520A,Q13882,PTK6,BRK,4.45
Fc1c(c(ccc1NS(=O)(=O)CCC)F)-n2nnc(c2)-c3cncc(c3)OC,PBZQXUCHRRZRTF-UHFFFAOYSA-N,BI00865461,P04049,RAF1,RAF1,4.46
C[C@H]1COCCN1C2=NC(=NC3=C2C=CC(=N3)C4=CC(=CC=C4)C(=O)NC)N5CCOC[C@@H]5C,JUSFANSTBFGBAF-IRXDYDNUSA-N,AZD2014,P04049,RAF1,RAF1,4.47
Clc1c(cc(cc1)C#CC2(CCN(CC2)C)OC)-c3nc-4c(cn3)CCc5nc(sc5-4)NC(=O)C,SKJMTJUJMPIXBJ-UHFFFAOYSA-N,BI00047875,Q9BRS2,RIOK1,RIOK1,4.48
CS(=O)(=O)Nc1cccc(c1)-c1ccc2c(NC(=O)C3CC3)n[nH]c2c1,FUQAHBLEGDXXKS-UHFFFAOYSA-N,SB-742864,Q9BRS2,RIOK1,RIOK1,4.49
CC(C)OC(N(CC1)CCN1C2=NC3=C(C4=CN=C(C(F)(F)F)C=C4)C=NN3C=C2)=O,NDDGTHBFQLPYJL-UHFFFAOYSA-N,NK-92,Q9BRS2,RIOK1,RIOK1,4.5
O=S(NC1=CC(C2=CC=C(C(NC(C3CC3)=O)=NN4)C4=C2)=CC=C1)(N(CC)CC)=O,UCBIQZUJJSVQHL-UHFFFAOYSA-N,UNC-AA-1-0013,Q9BRS2,RIOK1,RIOK1,4.51
O=C(C1CC1)NC2=NNC3=C2C=CC(C4=CC=CC(NS(N(C)CC)(=O)=O)=C4)=C3,NKCMEGZSWOVKIL-UHFFFAOYSA-N,UNC-AA-1-0017,Q9BRS2,RIOK1,RIOK1,4.52
O=C(NC=C1)C2=C1C(C(C(C)C)=NO3)=C3C4=C2C=C(C)C=C4,RHCWRLPKOJKBJP-UHFFFAOYSA-N,MO 286/LN 989,Q9BRS2,RIOK1,RIOK1,4.53
s1c(nc3c1-c2n(nc(c2C(C3)C)-c4cnc(cc4)NCC)-c5c(cccc5)C)NC(=O)OC,FQXPXUGHKSKDIL-UHFFFAOYSA-N,BI00857480,Q9BVS4,RIOK2,RIOK2,4.54
NC(=O)c1sc(cc1OCc1ccccc1Br)-n1cnc2ccccc12,BWZJWBWWGBNPLH-UHFFFAOYSA-N,GSK1023156A,Q9BVS4,RIOK2,RIOK2,4.55
Clc1ccc(CNc2nccc(n2)-c2cnn3ncccc23)cc1,NEWXQDRWGLAOAY-UHFFFAOYSA-N,GW781673X,Q9BVS4,RIOK2,RIOK2,4.56
CC(N1CCN(C2=NC=NC(CC)=C2C#CC3=CC=C(N)N=C3)CC1)=O,GKROGJIGFRYBLZ-UHFFFAOYSA-N,BI00862142,Q9BVS4,RIOK2,RIOK2,4.57
CS(=O)(=O)Nc1cccc(c1)-c1ccc2c(NC(=O)C3CC3)n[nH]c2c1,FUQAHBLEGDXXKS-UHFFFAOYSA-N,SB-742864,O14730,RIOK3,RIOK3,4.58
CC(C)OC(N(CC1)CCN1C2=NC3=C(C4=CN=C(C(F)(F)F)C=C4)C=NN3C=C2)=O,NDDGTHBFQLPYJL-UHFFFAOYSA-N,NK-92,O14730,RIOK3,RIOK3,4.59
ClC1=CC(NC2=NC=CC(NCCCN3CCOCC3)=N2)=CC=C1,XEEXZIORUKKBII-UHFFFAOYSA-N,DI00625271,O14730,RIOK3,RIOK3,4.6
O=S(NC1=CC(C2=CC=C(C(NC(C3CC3)=O)=NN4)C4=C2)=CC=C1)(N(CC)CC)=O,UCBIQZUJJSVQHL-UHFFFAOYSA-N,UNC-AA-1-0013,O14730,RIOK3,RIOK3,4.61
O=C(C1CC1)NC2=NNC3=C2C=CC(C4=CC=CC(NS(N(C)CC)(=O)=O)=C4)=C3,NKCMEGZSWOVKIL-UHFFFAOYSA-N,UNC-AA-1-0017,O14730,RIOK3,RIOK3,4.62
O=C(NC=C1)C2=C1C(C(C(C)C)=NO3)=C3C4=C2C=C(C)C=C4,RHCWRLPKOJKBJP-UHFFFAOYSA-N,MO 286/LN 989,O14730,RIOK3,RIOK3,4.63
s1c(nc3c1-c2n(nc(c2C(C3)C)-c4cnc(cc4)NCC)-c5c(cccc5)C)NC(=O)OC,FQXPXUGHKSKDIL-UHFFFAOYSA-N,BI00857480,O43353,RIPK2,RIPK2,4.64
O=S(NC1=CC(C2=CC=C(C(NC(C3CC3)=O)=NN4)C4=C2)=CC=C1)(N(CC)CC)=O,UCBIQZUJJSVQHL-UHFFFAOYSA-N,UNC-AA-1-0013,O43353,RIPK2,RIPK2,4.65
Clc1c(cccc1)-n2nc(c4c2-c3sc(nc3CC4)NC(=O)NCc5[nH]ccn5)-c6cnccc6,JXKHIJZYDXHNSW-UHFFFAOYSA-N,BI00048423,P57078,RIPK4,RIPK4,4.66
O=C(NCC1CC1)c1ccc(cc1)-c1cccc(c1)C(=O)NC1CC1,GTPHSWNKNONVOX-UHFFFAOYSA-N,GW806776X,Q13464,ROCK1,ROCK1,4.67
CN(C)CCCn1c(nc2cnccc12)-c1nonc1N,KFWBJWDHALYVMK-UHFFFAOYSA-N,SB-751399,Q13464,ROCK1,ROCK1,4.68
O=S(C2=CC=CC1=CN=CC=C12)(NCCNC/C=C/C3=CC=C(Br)C=C3)=O,ZKZXNDJNWUTGDK-NSCUHMNNSA-N,H89,Q13464,ROCK1,ROCK1,4.69
O=C(NCC1CC1)c1ccc(cc1)-c1cccc(c1)C(=O)NC1CC1,GTPHSWNKNONVOX-UHFFFAOYSA-N,GW806776X,O75116,ROCK2,ROCK2,4.7
CN(C)CCCn1c(nc2cnccc12)-c1nonc1N,KFWBJWDHALYVMK-UHFFFAOYSA-N,SB-751399,O75116,ROCK2,ROCK2,4.71
Clc1c(cc(cc1)C#CC2(CCN(CC2)C)OC)-c3nc-4c(cn3)CCc5nc(sc5-4)NC(=O)C,SKJMTJUJMPIXBJ-UHFFFAOYSA-N,BI00047875,Q15418,RPS6KA1,RSK1(Kin.Dom.1-N-terminal),4.72
C[C@H]1COCCN1C2=NC(=NC3=C2C=CC(=N3)C4=CC(=CC=C4)C(=O)NC)N5CCOC[C@@H]5C,JUSFANSTBFGBAF-IRXDYDNUSA-N,AZD2014,Q15418,RPS6KA1,RSK1(Kin.Dom.1-N-terminal),4.73
O=S(NC1=CC(C2=CC=C(C(NC(C3CC3)=O)=NN4)C4=C2)=CC=C1)(N(CC)CC)=O,UCBIQZUJJSVQHL-UHFFFAOYSA-N,UNC-AA-1-0013,O75582,RPS6KA5,RPS6KA5(Kin.Dom.1-N-terminal),4.74
s1c(nc3c1-c2n(nc(c2CC3)-c4cnccc4)-c5ccc(cc5)C6(CC6)N(C)C)NC(=O)OC,GGDDUQGGATVHON-UHFFFAOYSA-N,BI00822448,Q9UK32,RPS6KA6,RSK4(Kin.Dom.2-C-terminal),4.75
NC(=O)c1sc(cc1OCc1ccccc1Br)-n1cnc2ccccc12,BWZJWBWWGBNPLH-UHFFFAOYSA-N,GSK1023156A,Q9UK32,RPS6KA6,RSK4(Kin.Dom.2-C-terminal),4.76
CN1CCC(CC1)n1cnc(c1-c1ccnc(N)n1)-c1ccc(F)cc1,SVRAGOOKTLUHES-UHFFFAOYSA-N,SB-220455,Q9UK32,RPS6KA6,RSK4(Kin.Dom.2-C-terminal),4.77
Nc1nccc(n1)-c1c(nn2cc(ccc12)C(F)(F)F)-c1ccc(F)cc1,JQUJTXXKVLSAEV-UHFFFAOYSA-N,GW568326X,Q9UK32,RPS6KA6,RSK4(Kin.Dom.2-C-terminal),4.78
ClC1=CC=C(F)C(C2=NC(N=CC=N3)=C3C(NC4=CC=NC=C4)=N2)=C1,BERLXWPRSBJFHO-UHFFFAOYSA-N,SD-208,Q9UK32,RPS6KA6,RSK4(Kin.Dom.2-C-terminal),4.79
COc1cc2ncn(-c3cc(OCc4ccccc4C(F)(F)F)c(s3)C(=O)N(C)C)c2cc1OC,CKYDKNBLVBVPCS-UHFFFAOYSA-N,GSK1030062A,P0C264,SGK110,SgK110,4.8
CC(C)OC(N(CC1)CCN1C2=NC3=C(C4=CN=C(C(F)(F)F)C=C4)C=NN3C=C2)=O,NDDGTHBFQLPYJL-UHFFFAOYSA-N,NK-92,Q96BR1,SGK3,SGK3,4.81
O=S(C2=CC=CC1=CN=CC=C12)(NCCNC/C=C/C3=CC=C(Br)C=C3)=O,ZKZXNDJNWUTGDK-NSCUHMNNSA-N,H89,Q96BR1,SGK3,SGK3,4.82
O=C(N(CC1=CC=CC=C1)CCCC)C2=CC=C(S(=O)(NC3=CC=CC=C3)=O)C=C2,VNCIWNGCMAKKEO-UHFFFAOYSA-N,TH257,Q9H2G2,SLK,SLK,4.83
Fc1cccc(COc2ccc(Nc3ncnc4sc(cc34)-c3cccs3)cc2Cl)c1,PBIJKZCHYCDPPC-UHFFFAOYSA-N,GW684626B,Q9NRH2,SNRK,SNRK,4.84
Fc1c(c(ccc1NS(=O)(=O)CCC)F)-n2nnc(c2)-c3cncc(c3)OC,PBZQXUCHRRZRTF-UHFFFAOYSA-N,BI00865461,Q9H3Y6,SRMS,SRMS,4.85
CC(C)OC(N(CC1)CCN1C2=NC3=C(C4=CN=C(C(F)(F)F)C=C4)C=NN3C=C2)=O,NDDGTHBFQLPYJL-UHFFFAOYSA-N,NK-92,Q96SB4,SRPK1,SRPK1,4.86
CC(C)OC(N(CC1)CCN1C2=NC3=C(C4=CN=C(C(F)(F)F)C=C4)C=NN3C=C2)=O,NDDGTHBFQLPYJL-UHFFFAOYSA-N,NK-92,P78362,SRPK2,SRPK2,4.87
COc1ccc(cc1C(N)=O)-c1ccncc1,QEYUQXQAUUYZDC-UHFFFAOYSA-N,GSK605714A,Q9UPE1,SRPK3,SRPK3,4.88
COc1cc2ncn(-c3cc(OCc4ccccc4C(F)(F)F)c(s3)C(=O)N(C)C)c2cc1OC,CKYDKNBLVBVPCS-UHFFFAOYSA-N,GSK1030062A,Q9UPE1,SRPK3,SRPK3,4.89
O=S(NC1=CC(C2=CC=C(C(NC(C3CC3)=O)=NN4)C4=C2)=CC=C1)(N(CC)CC)=O,UCBIQZUJJSVQHL-UHFFFAOYSA-N,UNC-AA-1-0013,Q9UPE1,SRPK3,SRPK3,4.9
O=C(C1CC1)NC2=NNC3=C2C=CC(C4=CC=CC(NS(N(C)CC)(=O)=O)=C4)=C3,NKCMEGZSWOVKIL-UHFFFAOYSA-N,UNC-AA-1-0017,Q9UPE1,SRPK3,SRPK3,4.91
O=C(C1CC1)NC2=NNC3=C2C=CC(C4=CC=CC(NS(CC(C)C)(=O)=O)=C4)=C3,SENOTLIGBLGKGP-UHFFFAOYSA-N,UNC-AA-1-0022,Q9UPE1,SRPK3,SRPK3,4.92
Fc1c(c(ccc1NS(=O)(=O)CCC)F)-n2nnc(c2)-c3cncc(c3)OC,PBZQXUCHRRZRTF-UHFFFAOYSA-N,BI00865461,O94804,STK10,LOK,4.93
NC(=O)c1sc(cc1OCc1ccccc1Br)-n1cnc2ccccc12,BWZJWBWWGBNPLH-UHFFFAOYSA-N,GSK1023156A,O94804,STK10,LOK,4.94
COC(=O)Nc1nc2ccc(cc2[nH]1)S(=O)(=O)c1ccc(NC(=O)Nc2cc(ccc2F)C(F)(F)F)cc1,RJOBEDHRAOYOQX-UHFFFAOYSA-N,GW680908A,O94804,STK10,LOK,4.95
ClC1=CC=C(F)C(C2=NC(N=CC=N3)=C3C(NC4=CC=NC=C4)=N2)=C1,BERLXWPRSBJFHO-UHFFFAOYSA-N,SD-208,O94804,STK10,LOK,4.96
Clc1c(cccc1)-n2nc(c4c2-c3sc(nc3CC4)NC(=O)NCc5[nH]ccn5)-c6cnccc6,JXKHIJZYDXHNSW-UHFFFAOYSA-N,BI00048423,O75716,STK16,STK16,4.97
CNC(=O)c1cncc(\C=C\c2ccccc2Cl)c1,HVTWLTGGYKBXHX-VOTSOKGWSA-N,GW445017X,Q13188,STK3,MST2,4.98
N(c1ncc(o1)-c1ccccc1)c1ccc(Oc2ccccc2)cc1,MKASXHWBPFPYNF-UHFFFAOYSA-N,GW641155A,Q13188,STK3,MST2,4.99
Fc1cccc(COc2ccc(Nc3ncnc4sc(cc34)-c3cccs3)cc2Cl)c1,PBIJKZCHYCDPPC-UHFFFAOYSA-N,GW684626B,Q8WU08,STK32A,YANK1,5
COc1ccc2ncnc(Nc3ccc(OCc4ccccc4)cc3)c2c1,RARTTYYZTRKYDS-UHFFFAOYSA-N,GI261520A,Q86UX6,STK32C,YANK3,5.01
O=C(NCC1=CC=CC=C1)C2=CC=C(S(=O)(NCC3=CC=CC=C3)=O)C=C2,QDGVJMITKNOVTP-UHFFFAOYSA-N,TH263,Q86UX6,STK32C,YANK3,5.02
COC(=O)Nc1nc2ccc(cc2[nH]1)S(=O)(=O)c1ccc(NC(=O)Nc2cc(ccc2F)C(F)(F)F)cc1,RJOBEDHRAOYOQX-UHFFFAOYSA-N,GW680908A,Q9BYT3,STK33,STK33,5.03
CN1CCC(NC(C2=CC(OC)=C(NC3=NC=C(N(C(C(F)(F)CN4C5CCCC5)=O)C)C4=N3)C=C2F)=O)CC1,GWRSATNRNFYMDI-UHFFFAOYSA-N,TAK960,Q9BYT3,STK33,STK33,5.04
COc1ccc(cc1)-c1nn2ncccc2c1-c1ccnc(Nc2cccc(c2)C(F)(F)F)n1,BWBYKJFTJZIURF-UHFFFAOYSA-N,GW827105X,Q9NRP7,STK36,STK36,5.05
Fc1ccc(cc1)-c1ncn(CCCN2CCOCC2)c1-c1ccncc1,ANWALZPQHPAZFO-UHFFFAOYSA-N,SB-210313,Q15208,STK38,NDR1,5.06
O[C@H]([C@H](O)[C@@H](CO)O3)[C@@H]3N1C2=C(C(N)=NC=N2)C(I)=C1,WHSIXKUPQCKWBY-IOSLPCCCSA-N,5-iodotubercidin,Q15208,STK38,NDR1,5.07
O[C@H]([C@H](O)[C@@H](CO)O3)[C@@H]3N1C2=C(C(N)=NC=N2)C(I)=C1,WHSIXKUPQCKWBY-IOSLPCCCSA-N,5-iodotubercidin,Q9Y2H1,STK38L,NDR2,5.08
Fc1ccc(cc1)-c1cc(ccn1)-c1c[nH]nc1-c1ccccn1,HZJPBOLTWHOKEL-UHFFFAOYSA-N,GW680975X,Q13043,STK4,MST1,5.09
O=C(NCC1=CC=CC=C1)C2=CC=C(S(=O)(NCC3=CC=CC=C3)=O)C=C2,QDGVJMITKNOVTP-UHFFFAOYSA-N,TH263,Q13043,STK4,MST1,5.1
O=C(N(CC1=CC=CC=C1)CCCC)C2=CC=C(S(=O)(NC3=CC=CC=C3)=O)C=C2,VNCIWNGCMAKKEO-UHFFFAOYSA-N,TH257,P43405,SYK,SYK,5.11
NS(=O)(=O)c1cccc(c1)-c1ccc2c(NC(=O)C3CC3)n[nH]c2c1,AXXSVTAXFAAJTE-UHFFFAOYSA-N,SB-741905,Q7L7X3,TAOK1,TAOK1,5.12
C[C@H]1COCCN1C2=NC(=NC3=C2C=CC(=N3)C4=CC(=CC=C4)C(=O)NC)N5CCOC[C@@H]5C,JUSFANSTBFGBAF-IRXDYDNUSA-N,AZD2014,P36897,TGFBR1,TGFBR1,5.13
ClC1=CC=C(F)C(C2=NC(N=CC=N3)=C3C(NC4=CC=NC=C4)=N2)=C1,BERLXWPRSBJFHO-UHFFFAOYSA-N,SD-208,P36897,TGFBR1,TGFBR1,5.14
Clc1c(cccc1)-n2nc(c4c2-c3sc(nc3CC4)NC(=O)NCc5[nH]ccn5)-c6cnccc6,JXKHIJZYDXHNSW-UHFFFAOYSA-N,BI00048423,P37173,TGFBR2,TGFBR2,5.15
Clc1ccc(CNc2nccc(n2)-c2cnn3ncccc23)cc1,NEWXQDRWGLAOAY-UHFFFAOYSA-N,GW781673X,P37173,TGFBR2,TGFBR2,5.16
s1c(nc3c1-c2n(nc(c2C(C3)C)-c4cnc(cc4)NCC)-c5c(cccc5)C)NC(=O)OC,FQXPXUGHKSKDIL-UHFFFAOYSA-N,BI00857480,Q59H18,TNNI3K,TNNI3K,5.17
O=S(NC1=CC(C2=CC=C(C(NC(C3CC3)=O)=NN4)C4=C2)=CC=C1)(N(CC)CC)=O,UCBIQZUJJSVQHL-UHFFFAOYSA-N,UNC-AA-1-0013,Q59H18,TNNI3K,TNNI3K,5.18
COc1c(cc(cc1-c1ccc(cc1)S(N)(=O)=O)-c1ccc(Cl)cc1)C(N)=O,PGMGCWOOCLJXIF-UHFFFAOYSA-N,GSK711701A,Q9BXA7,TSSK1B,TSSK1B,5.19
NC(=O)c1cc(cc(c1N)-c1ccncc1)-c1ccc(F)cc1,INRJBVLMKPWSHK-UHFFFAOYSA-N,GSK620503A,Q9BXA7,TSSK1B,TSSK1B,5.2
Cc1cc(cc(C)c1\C=C\c1cncc(c1)-c1nn[nH]n1)-c1ccccn1,LBJHHPBGZCPQIO-VOTSOKGWSA-N,GW459057A,Q9BXA7,TSSK1B,TSSK1B,5.21
O=C(NCC1=CC=CC=C1)C2=CC=C(S(=O)(NCC3=CC=CC=C3)=O)C=C2,QDGVJMITKNOVTP-UHFFFAOYSA-N,TH263,Q9BXA7,TSSK1B,TSSK1B,5.22
s1c(nc3c1-c2n(nc(c2C(C3)C)-c4cnc(cc4)NCC)-c5c(cccc5)C)NC(=O)OC,FQXPXUGHKSKDIL-UHFFFAOYSA-N,BI00857480,Q96PN8,TSSK3,TSSK3,5.23
CN1CCC(NC(C2=CC(OC)=C(NC3=NC=C(N(C(C(F)(F)CN4C5CCCC5)=O)C)C4=N3)C=C2F)=O)CC1,GWRSATNRNFYMDI-UHFFFAOYSA-N,TAK960,P33981,TTK,TTK,5.24
Clc1c(cc(cc1)C#CC2(CCN(CC2)C)OC)-c3nc-4c(cn3)CCc5nc(sc5-4)NC(=O)C,SKJMTJUJMPIXBJ-UHFFFAOYSA-N,BI00047875,P29597,TYK2,TYK2(JH2domain-pseudokinase),5.25
NS(=O)(=O)c1cccc(c1)-c1ccc2c(NC(=O)C3CC3)n[nH]c2c1,AXXSVTAXFAAJTE-UHFFFAOYSA-N,SB-741905,Q06418,TYRO3,TYRO3,5.26
COc1c(cc(cc1-c1ccc(cc1)S(N)(=O)=O)-c1ccc(Cl)cc1)C(N)=O,PGMGCWOOCLJXIF-UHFFFAOYSA-N,GSK711701A,Q86Y07,VRK2,VRK2,5.27
S(=O)(=O)(N1CCC(CC1)Oc3c(cc2ncnc(c2c3)N[C@H](C)c4ccccc4)OC)C,HNCQUOKLTSGCPT-MRXNPFEDSA-N,BI00010951,P0C1S8,WEE2,WEE2,5.28
Fc1c(c(ccc1NS(=O)(=O)CCC)F)-n2nnc(c2)-c3cncc(c3)OC,PBZQXUCHRRZRTF-UHFFFAOYSA-N,BI00865461,Q9NYL2,ZAK,ZAK,5.29